,Unnamed: 0,39, State-gov, 77516, Bachelors, 13, Never-married, Adm-clerical, Not-in-family, White, Male, 2174, 0, 40, United-States, <=50K
5100,5100,47, State-gov,80914, Masters,14, Married-civ-spouse, Exec-managerial, Husband, White, Male,0,0,47, United-States, >50K
5101,5101,62, Private,73292, Some-college,10, Married-civ-spouse, Other-service, Husband, White, Male,0,0,40, United-States, <=50K
5102,5102,54, Self-emp-not-inc,212165, HS-grad,9, Married-civ-spouse, Sales, Husband, White, Male,0,0,60, United-States, <=50K
5103,5103,90, Private,52386, Some-college,10, Never-married, Other-service, Not-in-family, Asian-Pac-Islander, Male,0,0,35, United-States, <=50K
5104,5104,33, Private,205649, Assoc-acdm,12, Married-spouse-absent, Craft-repair, Not-in-family, White, Male,0,0,20, United-States, <=50K
5105,5105,57, Private,109638, Some-college,10, Married-civ-spouse, Exec-managerial, Husband, White, Male,0,1672,45, United-States, <=50K
5106,5106,25, Private,200408, Assoc-acdm,12, Never-married, Craft-repair, Own-child, White, Male,0,0,40, United-States, <=50K
5107,5107,44, Self-emp-inc,187720, Some-college,10, Married-civ-spouse, Sales, Husband, White, Male,0,0,50, United-States, >50K
5108,5108,52, Private,236180, Bachelors,13, Married-spouse-absent, Other-service, Not-in-family, White, Male,0,0,50, United-States, <=50K
5109,5109,21, Private,118693, Some-college,10, Never-married, Machine-op-inspct, Own-child, White, Male,0,0,40, United-States, <=50K
5110,5110,31, Private,363130, HS-grad,9, Never-married, Other-service, Unmarried, Black, Male,0,0,18, United-States, <=50K
5111,5111,39, Private,225544, Masters,14, Married-civ-spouse, Transport-moving, Husband, White, Male,0,0,40, Poland, <=50K
5112,5112,59, Federal-gov,243612, HS-grad,9, Widowed, Machine-op-inspct, Unmarried, White, Female,0,0,40, United-States, <=50K
5113,5113,29, Self-emp-not-inc,160786, HS-grad,9, Married-civ-spouse, Exec-managerial, Husband, White, Male,0,0,55, United-States, <=50K
5114,5114,49, Private,234320, 7th-8th,4, Never-married, Prof-specialty, Other-relative, Black, Male,0,0,45, United-States, <=50K
5115,5115,34, Private,314646, 9th,5, Married-civ-spouse, Craft-repair, Husband, White, Male,0,0,40, United-States, <=50K
5116,5116,22, Private,124971, Bachelors,13, Never-married, Sales, Not-in-family, White, Male,0,0,40, United-States, <=50K
5117,5117,32, Private,209184, Bachelors,13, Married-civ-spouse, Sales, Husband, Other, Male,0,0,40, Puerto-Rico, <=50K
5118,5118,39, State-gov,121838, HS-grad,9, Divorced, Other-service, Unmarried, Black, Female,0,0,40, United-States, <=50K
5119,5119,46, Private,265275, Masters,14, Married-civ-spouse, Prof-specialty, Husband, White, Male,0,0,60, United-States, <=50K
5120,5120,50, Private,71417, HS-grad,9, Married-civ-spouse, Craft-repair, Husband, White, Male,3103,0,40, United-States, >50K
5121,5121,34, Private,45522, HS-grad,9, Never-married, Other-service, Not-in-family, White, Male,0,0,40, United-States, <=50K
5122,5122,28, Local-gov,250135, Masters,14, Married-civ-spouse, Prof-specialty, Wife, White, Female,0,1902,55, United-States, <=50K
5123,5123,18, Private,120283, 12th,8, Never-married, Sales, Own-child, White, Female,0,0,24, United-States, <=50K
5124,5124,20, Private,216972, HS-grad,9, Never-married, Sales, Not-in-family, White, Male,0,0,30, United-States, <=50K
5125,5125,20, Private,116791, HS-grad,9, Never-married, Machine-op-inspct, Other-relative, White, Female,0,0,40, United-States, <=50K
5126,5126,55, State-gov,26290, Assoc-voc,11, Widowed, Exec-managerial, Not-in-family, Amer-Indian-Eskimo, Female,0,0,38, United-States, <=50K
5127,5127,22, Private,216134, Some-college,10, Never-married, Sales, Own-child, Black, Female,0,0,40, United-States, <=50K
5128,5128,60, Self-emp-not-inc,143932, Masters,14, Married-civ-spouse, Exec-managerial, Husband, White, Male,0,0,40, United-States, <=50K
5129,5129,40, Private,217120, 10th,6, Divorced, Craft-repair, Not-in-family, White, Male,0,0,50, United-States, <=50K
5130,5130,47, State-gov,223944, Some-college,10, Married-civ-spouse, Adm-clerical, Wife, White, Female,0,0,30, United-States, <=50K
5131,5131,23, Private,185452, Bachelors,13, Never-married, Exec-managerial, Not-in-family, White, Female,0,0,35, Canada, <=50K
5132,5132,57, Local-gov,44273, HS-grad,9, Widowed, Transport-moving, Not-in-family, White, Female,0,0,40, United-States, <=50K
5133,5133,52, Private,178983, 11th,7, Married-civ-spouse, Other-service, Husband, White, Male,0,0,40, United-States, <=50K
5134,5134,42, Private,219288, 7th-8th,4, Widowed, Craft-repair, Unmarried, White, Male,0,0,40, United-States, <=50K
5135,5135,25, Private,349190, Assoc-acdm,12, Never-married, Handlers-cleaners, Own-child, White, Male,0,0,20, United-States, <=50K
5136,5136,49, Self-emp-inc,158685, HS-grad,9, Married-civ-spouse, Adm-clerical, Wife, White, Female,0,2377,40, United-States, >50K
5137,5137,41, Federal-gov,57924, Some-college,10, Never-married, Protective-serv, Own-child, White, Male,0,0,40, United-States, <=50K
5138,5138,40, State-gov,270324, Assoc-voc,11, Married-civ-spouse, Other-service, Husband, Black, Male,0,0,30, United-States, <=50K
5139,5139,38, Private,33001, Bachelors,13, Married-civ-spouse, Exec-managerial, Husband, White, Male,0,0,55, United-States, >50K
5140,5140,58, Private,204021, HS-grad,9, Never-married, Transport-moving, Own-child, White, Male,0,0,40, Canada, <=50K
5141,5141,26, Private,192506, Bachelors,13, Never-married, Other-service, Not-in-family, Black, Female,0,0,35, United-States, <=50K
5142,5142,57, Private,372967, 10th,6, Divorced, Adm-clerical, Other-relative, White, Female,0,0,70, Germany, <=50K
5143,5143,28, Private,273929, HS-grad,9, Married-civ-spouse, Sales, Husband, White, Male,0,1628,60, United-States, <=50K
5144,5144,42, Private,195821, HS-grad,9, Separated, Sales, Unmarried, White, Female,0,0,40, United-States, <=50K
5145,5145,28, Private,56179, Some-college,10, Never-married, Exec-managerial, Not-in-family, White, Male,2174,0,55, United-States, <=50K
5146,5146,17, ?,127003, 9th,5, Never-married, ?, Own-child, Black, Male,0,0,40, United-States, <=50K
5147,5147,39, Self-emp-not-inc,124090, 9th,5, Married-civ-spouse, Craft-repair, Husband, White, Male,0,0,40, United-States, <=50K
5148,5148,28, Private,199600, HS-grad,9, Married-civ-spouse, Machine-op-inspct, Husband, Black, Male,0,0,40, United-States, <=50K
5149,5149,42, Private,255847, HS-grad,9, Married-civ-spouse, Machine-op-inspct, Husband, White, Male,4386,0,48, United-States, >50K
5150,5150,51, Self-emp-not-inc,218311, Some-college,10, Divorced, Sales, Unmarried, White, Female,0,0,50, United-States, <=50K
5151,5151,27, Private,167336, Some-college,10, Never-married, Adm-clerical, Not-in-family, White, Female,0,0,39, United-States, <=50K
5152,5152,41, Private,59938, HS-grad,9, Divorced, Adm-clerical, Unmarried, White, Female,0,0,43, United-States, <=50K
5153,5153,28, Private,263728, Bachelors,13, Married-civ-spouse, Craft-repair, Husband, White, Male,0,0,40, United-States, <=50K
5154,5154,54, Self-emp-not-inc,278230, Some-college,10, Divorced, Farming-fishing, Unmarried, White, Female,10520,0,30, United-States, >50K
5155,5155,73, ?,180603, HS-grad,9, Widowed, ?, Not-in-family, White, Female,0,0,8, United-States, <=50K
5156,5156,49, Private,43910, HS-grad,9, Married-civ-spouse, Adm-clerical, Wife, White, Female,0,0,30, United-States, <=50K
5157,5157,47, Private,190139, Masters,14, Married-civ-spouse, Exec-managerial, Husband, White, Male,0,0,40, United-States, >50K
5158,5158,27, Private,109001, Some-college,10, Married-civ-spouse, Craft-repair, Husband, White, Male,0,0,49, United-States, <=50K
5159,5159,42, Local-gov,159931, Bachelors,13, Married-civ-spouse, Prof-specialty, Wife, White, Female,0,0,45, United-States, >50K
5160,5160,32, Private,194987, HS-grad,9, Married-civ-spouse, Adm-clerical, Wife, Black, Female,0,0,40, United-States, <=50K
5161,5161,32, Local-gov,87310, HS-grad,9, Married-civ-spouse, Other-service, Husband, White, Male,0,0,41, United-States, <=50K
5162,5162,27, Private,133937, Masters,14, Never-married, Sales, Own-child, White, Male,0,0,40, United-States, <=50K
5163,5163,29, Private,207064, HS-grad,9, Married-civ-spouse, Craft-repair, Husband, White, Male,0,0,40, United-States, >50K
5164,5164,22, Private,36011, Assoc-voc,11, Never-married, Prof-specialty, Not-in-family, White, Male,0,0,30, United-States, <=50K
5165,5165,41, Federal-gov,168294, HS-grad,9, Married-civ-spouse, Adm-clerical, Husband, White, Male,5178,0,40, United-States, >50K
5166,5166,49, Local-gov,194895, Some-college,10, Married-civ-spouse, Handlers-cleaners, Husband, White, Male,7298,0,40, United-States, >50K
5167,5167,58, Self-emp-not-inc,49884, HS-grad,9, Married-civ-spouse, Farming-fishing, Husband, White, Male,0,0,50, United-States, <=50K
5168,5168,41, Self-emp-not-inc,27305, HS-grad,9, Married-civ-spouse, Farming-fishing, Husband, White, Male,7688,0,40, United-States, >50K
5169,5169,26, Private,229977, 9th,5, Married-civ-spouse, Craft-repair, Husband, White, Male,0,0,35, United-States, <=50K
5170,5170,21, Private,64520, HS-grad,9, Never-married, Sales, Not-in-family, White, Male,0,0,55, United-States, <=50K
5171,5171,32, ?,134886, HS-grad,9, Married-civ-spouse, ?, Wife, White, Female,0,0,2, United-States, >50K
5172,5172,37, Private,305379, Bachelors,13, Married-civ-spouse, Exec-managerial, Husband, White, Male,0,0,50, United-States, >50K
5173,5173,23, Private,202284, Bachelors,13, Never-married, Sales, Own-child, White, Male,0,0,20, United-States, <=50K
5174,5174,42, Self-emp-not-inc,99185, Some-college,10, Married-civ-spouse, Exec-managerial, Husband, White, Male,0,0,40, United-States, >50K
5175,5175,25, Private,159662, HS-grad,9, Married-civ-spouse, Sales, Own-child, White, Male,0,0,26, United-States, >50K
5176,5176,67, Private,197865, Some-college,10, Divorced, Adm-clerical, Not-in-family, White, Female,0,0,40, United-States, <=50K
5177,5177,41, Local-gov,175149, HS-grad,9, Divorced, Transport-moving, Not-in-family, Black, Female,0,0,38, United-States, <=50K
5178,5178,49, Local-gov,349633, Masters,14, Married-civ-spouse, Prof-specialty, Wife, White, Female,0,0,50, United-States, >50K
5179,5179,36, Private,135293, Bachelors,13, Divorced, Prof-specialty, Unmarried, White, Female,1506,0,45, ?, <=50K
5180,5180,18, Private,242893, 11th,7, Never-married, Craft-repair, Own-child, White, Male,0,0,35, United-States, <=50K
5181,5181,25, Private,218667, 5th-6th,3, Married-civ-spouse, Handlers-cleaners, Own-child, White, Male,0,0,40, United-States, <=50K
5182,5182,43, State-gov,144811, Prof-school,15, Divorced, Prof-specialty, Not-in-family, White, Male,0,0,50, United-States, <=50K
5183,5183,38, Private,146091, Doctorate,16, Married-civ-spouse, Exec-managerial, Wife, White, Female,99999,0,36, United-States, >50K
5184,5184,21, Private,206861, Some-college,10, Never-married, Sales, Own-child, White, Male,0,0,20, ?, <=50K
5185,5185,65, Self-emp-not-inc,226215, Bachelors,13, Married-civ-spouse, Sales, Husband, White, Male,0,0,15, United-States, <=50K
5186,5186,66, Private,114447, Assoc-voc,11, Widowed, Prof-specialty, Not-in-family, White, Female,0,0,35, United-States, <=50K
5187,5187,33, Private,124187, 11th,7, Never-married, Transport-moving, Not-in-family, Black, Male,0,0,60, United-States, <=50K
5188,5188,51, Private,147954, HS-grad,9, Married-civ-spouse, Adm-clerical, Wife, Black, Female,3411,0,38, United-States, <=50K
5189,5189,27, Self-emp-inc,64379, HS-grad,9, Married-civ-spouse, Craft-repair, Husband, White, Male,0,1740,40, United-States, <=50K
5190,5190,17, Private,156501, 12th,8, Never-married, Other-service, Own-child, White, Female,0,0,16, United-States, <=50K
5191,5191,32, Private,207668, Bachelors,13, Married-civ-spouse, Exec-managerial, Husband, White, Male,15024,0,45, United-States, >50K
5192,5192,61, ?,161279, HS-grad,9, Widowed, ?, Not-in-family, White, Female,0,0,36, United-States, <=50K
5193,5193,38, Private,225707, HS-grad,9, Married-civ-spouse, Machine-op-inspct, Husband, White, Male,0,0,40, Cuba, >50K
5194,5194,43, Local-gov,115603, Some-college,10, Divorced, Adm-clerical, Unmarried, White, Female,0,0,40, United-States, <=50K
5195,5195,40, State-gov,506329, Doctorate,16, Married-civ-spouse, Prof-specialty, Husband, Asian-Pac-Islander, Male,0,0,40, Taiwan, >50K
5196,5196,63, Private,275034, Bachelors,13, Married-civ-spouse, Sales, Husband, White, Male,0,1740,35, United-States, <=50K
5197,5197,76, ?,172637, Some-college,10, Married-civ-spouse, ?, Husband, White, Male,0,0,20, United-States, >50K
5198,5198,42, Private,56483, Assoc-acdm,12, Divorced, Adm-clerical, Unmarried, White, Female,0,0,40, United-States, <=50K
5199,5199,43, Federal-gov,144778, Bachelors,13, Never-married, Exec-managerial, Not-in-family, White, Male,0,0,40, United-States, >50K
5200,5200,76, Self-emp-not-inc,33213, Masters,14, Married-civ-spouse, Prof-specialty, Husband, White, Male,0,0,30, ?, >50K
5201,5201,41, Local-gov,297248, Prof-school,15, Married-civ-spouse, Prof-specialty, Husband, White, Male,0,2415,45, United-States, >50K
5202,5202,17, Private,137042, 10th,6, Never-married, Prof-specialty, Own-child, White, Male,0,0,20, United-States, <=50K
5203,5203,30, Self-emp-not-inc,33308, HS-grad,9, Never-married, Craft-repair, Not-in-family, White, Male,0,0,40, United-States, <=50K
5204,5204,30, Private,158420, Bachelors,13, Never-married, Prof-specialty, Not-in-family, White, Male,0,0,50, Iran, <=50K
5205,5205,22, Private,41763, Some-college,10, Never-married, Other-service, Not-in-family, White, Male,0,0,25, United-States, <=50K
5206,5206,53, ?,220640, Bachelors,13, Divorced, ?, Other-relative, Other, Female,0,0,20, United-States, <=50K
5207,5207,28, Private,149734, HS-grad,9, Never-married, Other-service, Unmarried, Black, Female,0,0,52, United-States, <=50K
5208,5208,25, ?,262245, Assoc-voc,11, Never-married, ?, Own-child, White, Female,3418,0,40, United-States, <=50K
5209,5209,24, Private,349691, Some-college,10, Never-married, Sales, Other-relative, Black, Female,0,0,40, United-States, <=50K
5210,5210,47, Private,185385, 10th,6, Married-civ-spouse, Machine-op-inspct, Husband, White, Male,0,0,40, United-States, >50K
5211,5211,34, Self-emp-not-inc,174463, Assoc-voc,11, Never-married, Farming-fishing, Not-in-family, White, Male,0,0,50, United-States, <=50K
5212,5212,26, Private,236068, Some-college,10, Never-married, Sales, Other-relative, White, Female,0,0,20, United-States, <=50K
5213,5213,63, ?,445168, Bachelors,13, Widowed, ?, Not-in-family, Amer-Indian-Eskimo, Female,0,0,56, United-States, <=50K
5214,5214,25, Private,91334, Assoc-voc,11, Married-civ-spouse, Exec-managerial, Husband, White, Male,0,0,75, United-States, <=50K
5215,5215,28, Private,33895, Bachelors,13, Never-married, Sales, Not-in-family, White, Male,0,0,45, United-States, <=50K
5216,5216,36, Private,214816, HS-grad,9, Never-married, Craft-repair, Not-in-family, White, Female,0,0,40, United-States, <=50K
5217,5217,24, Private,229773, Bachelors,13, Never-married, Exec-managerial, Not-in-family, White, Male,0,0,40, United-States, <=50K
5218,5218,51, Self-emp-inc,166386, Bachelors,13, Married-civ-spouse, Exec-managerial, Wife, Asian-Pac-Islander, Female,0,0,35, Taiwan, <=50K
5219,5219,44, Private,266135, Bachelors,13, Married-civ-spouse, Prof-specialty, Husband, White, Male,0,0,50, United-States, >50K
5220,5220,18, Private,300379, 12th,8, Never-married, Adm-clerical, Own-child, White, Male,0,0,12, United-States, <=50K
5221,5221,54, Federal-gov,392502, Some-college,10, Married-civ-spouse, Prof-specialty, Husband, White, Male,0,0,40, United-States, >50K
5222,5222,61, Private,73809, Some-college,10, Divorced, Adm-clerical, Not-in-family, White, Female,0,0,40, United-States, <=50K
5223,5223,51, Private,193720, Bachelors,13, Married-civ-spouse, Exec-managerial, Husband, White, Male,0,0,45, United-States, >50K
5224,5224,43, Private,316183, 7th-8th,4, Married-civ-spouse, Machine-op-inspct, Husband, White, Male,0,0,40, United-States, <=50K
5225,5225,51, Private,162944, HS-grad,9, Married-civ-spouse, Craft-repair, Husband, White, Male,0,0,40, United-States, <=50K
5226,5226,50, Local-gov,186888, HS-grad,9, Married-civ-spouse, Exec-managerial, Wife, Black, Female,0,0,40, United-States, >50K
5227,5227,27, ?,330132, HS-grad,9, Never-married, ?, Not-in-family, White, Female,0,0,25, United-States, <=50K
5228,5228,24, Private,192017, Some-college,10, Married-civ-spouse, Handlers-cleaners, Husband, White, Male,0,0,30, United-States, <=50K
5229,5229,20, State-gov,161978, Some-college,10, Married-civ-spouse, Other-service, Husband, White, Male,0,0,20, United-States, <=50K
5230,5230,52, Private,202930, Bachelors,13, Divorced, Exec-managerial, Not-in-family, White, Male,0,0,40, United-States, >50K
5231,5231,57, Local-gov,323309, 7th-8th,4, Divorced, Other-service, Not-in-family, White, Male,0,0,40, United-States, <=50K
5232,5232,49, Self-emp-inc,197332, Some-college,10, Married-civ-spouse, Sales, Husband, White, Male,0,0,60, United-States, <=50K
5233,5233,42, Self-emp-inc,204033, Bachelors,13, Married-civ-spouse, Adm-clerical, Wife, White, Female,0,0,35, ?, <=50K
5234,5234,22, Private,271274, 11th,7, Never-married, Sales, Not-in-family, White, Female,0,0,40, United-States, <=50K
5235,5235,38, Private,174242, Some-college,10, Married-civ-spouse, Tech-support, Husband, White, Male,0,0,40, United-States, >50K
5236,5236,21, Private,209483, Some-college,10, Never-married, Sales, Own-child, White, Female,0,0,20, United-States, <=50K
5237,5237,39, Federal-gov,99146, Bachelors,13, Married-civ-spouse, Protective-serv, Husband, White, Male,0,1887,60, United-States, >50K
5238,5238,52, Self-emp-not-inc,102346, Some-college,10, Never-married, Prof-specialty, Own-child, White, Female,0,0,35, United-States, <=50K
5239,5239,25, Private,181666, Assoc-acdm,12, Never-married, Tech-support, Own-child, White, Female,0,0,40, United-States, <=50K
5240,5240,50, Private,207367, Some-college,10, Married-spouse-absent, Other-service, Not-in-family, White, Female,0,0,40, Cuba, <=50K
5241,5241,35, State-gov,82622, Some-college,10, Married-civ-spouse, Exec-managerial, Husband, White, Male,0,0,80, United-States, <=50K
5242,5242,50, Private,202296, Assoc-voc,11, Separated, Prof-specialty, Unmarried, White, Female,0,0,40, United-States, <=50K
5243,5243,58, Private,142182, HS-grad,9, Married-civ-spouse, Craft-repair, Husband, White, Male,0,0,25, United-States, <=50K
5244,5244,48, Federal-gov,94342, Bachelors,13, Divorced, Exec-managerial, Not-in-family, White, Male,0,0,45, United-States, <=50K
5245,5245,30, Private,41493, Some-college,10, Divorced, Adm-clerical, Not-in-family, White, Female,0,0,35, Canada, <=50K
5246,5246,18, Private,181712, 11th,7, Never-married, Handlers-cleaners, Own-child, White, Male,0,0,12, United-States, <=50K
5247,5247,29, Self-emp-not-inc,164607, HS-grad,9, Married-civ-spouse, Craft-repair, Husband, White, Male,0,0,40, United-States, <=50K
5248,5248,52, Self-emp-not-inc,41496, Some-college,10, Married-civ-spouse, Sales, Husband, White, Male,0,0,45, United-States, <=50K
5249,5249,63, Private,143098, HS-grad,9, Married-civ-spouse, Sales, Husband, White, Male,4064,0,40, United-States, <=50K
5250,5250,36, Local-gov,196529, Masters,14, Married-civ-spouse, Prof-specialty, Wife, White, Female,0,0,40, United-States, >50K
5251,5251,24, Private,157332, Some-college,10, Never-married, Machine-op-inspct, Own-child, White, Female,0,0,42, United-States, <=50K
5252,5252,30, Local-gov,154935, Assoc-acdm,12, Never-married, Protective-serv, Not-in-family, Black, Male,0,0,40, United-States, <=50K
5253,5253,23, Private,223231, HS-grad,9, Married-civ-spouse, Machine-op-inspct, Husband, Other, Male,0,0,40, Mexico, <=50K
5254,5254,35, ?,253860, HS-grad,9, Divorced, ?, Unmarried, White, Female,0,0,20, United-States, <=50K
5255,5255,21, Private,362589, Bachelors,13, Never-married, Other-service, Own-child, White, Female,0,0,20, United-States, <=50K
5256,5256,28, Private,94880, Some-college,10, Never-married, Craft-repair, Not-in-family, White, Male,0,0,43, Mexico, <=50K
5257,5257,20, Private,309580, HS-grad,9, Never-married, Adm-clerical, Own-child, White, Male,0,0,40, United-States, <=50K
5258,5258,18, Private,130389, 11th,7, Never-married, Other-service, Own-child, White, Male,0,0,20, Scotland, <=50K
5259,5259,21, Private,349365, Some-college,10, Never-married, Adm-clerical, Own-child, White, Female,0,0,15, United-States, <=50K
5260,5260,27, Private,376936, HS-grad,9, Never-married, Craft-repair, Not-in-family, White, Male,0,0,40, United-States, <=50K
5261,5261,42, Private,179557, Some-college,10, Divorced, Tech-support, Not-in-family, White, Female,0,0,40, United-States, <=50K
5262,5262,21, Private,105577, Some-college,10, Never-married, Other-service, Own-child, White, Female,0,0,30, United-States, <=50K
5263,5263,51, Private,224207, Some-college,10, Married-civ-spouse, Sales, Husband, White, Male,0,0,40, United-States, >50K
5264,5264,27, Federal-gov,47907, Bachelors,13, Never-married, Adm-clerical, Not-in-family, White, Female,0,0,40, United-States, <=50K
5265,5265,23, Self-emp-not-inc,191283, HS-grad,9, Never-married, Transport-moving, Own-child, White, Male,0,0,40, United-States, <=50K
5266,5266,57, Private,20953, Some-college,10, Married-civ-spouse, Sales, Husband, White, Male,0,1902,40, United-States, >50K
5267,5267,22, State-gov,186569, Bachelors,13, Never-married, Prof-specialty, Own-child, White, Female,0,0,12, United-States, <=50K
5268,5268,59, Private,43221, 9th,5, Married-civ-spouse, Transport-moving, Husband, White, Male,0,0,60, United-States, >50K
5269,5269,38, Private,161141, HS-grad,9, Divorced, Transport-moving, Not-in-family, White, Male,0,0,40, United-States, <=50K
5270,5270,20, Private,203003, HS-grad,9, Never-married, Transport-moving, Other-relative, White, Male,0,0,40, United-States, <=50K
5271,5271,90, Private,141758, 9th,5, Never-married, Adm-clerical, Not-in-family, White, Female,0,0,40, United-States, <=50K
5272,5272,35, Private,113322, Assoc-voc,11, Married-civ-spouse, Sales, Husband, White, Male,0,0,40, United-States, <=50K
5273,5273,50, Private,343847, HS-grad,9, Married-civ-spouse, Protective-serv, Husband, White, Male,0,0,38, United-States, >50K
5274,5274,45, Private,214068, Doctorate,16, Married-civ-spouse, Prof-specialty, Husband, White, Male,0,0,50, United-States, >50K
5275,5275,44, Private,116632, Masters,14, Married-civ-spouse, Exec-managerial, Husband, White, Male,0,0,50, United-States, >50K
5276,5276,23, Private,240160, Assoc-acdm,12, Never-married, Prof-specialty, Own-child, White, Male,0,0,40, United-States, <=50K
5277,5277,34, Private,516337, 11th,7, Married-civ-spouse, Handlers-cleaners, Husband, White, Male,0,0,40, Mexico, <=50K
5278,5278,23, Self-emp-inc,284651, Bachelors,13, Divorced, Sales, Not-in-family, White, Female,0,0,43, United-States, <=50K
5279,5279,39, State-gov,141420, Some-college,10, Married-civ-spouse, Protective-serv, Husband, White, Male,0,0,40, United-States, <=50K
5280,5280,19, Private,42750, Some-college,10, Never-married, Handlers-cleaners, Not-in-family, White, Male,0,0,55, United-States, <=50K
5281,5281,54, Private,165278, Some-college,10, Married-civ-spouse, Exec-managerial, Husband, White, Male,0,0,40, United-States, >50K
5282,5282,40, Private,167265, Masters,14, Divorced, Prof-specialty, Not-in-family, White, Male,0,0,43, United-States, <=50K
5283,5283,44, Private,139907, Some-college,10, Never-married, Sales, Own-child, White, Male,0,0,50, United-States, <=50K
5284,5284,31, Self-emp-inc,236415, Some-college,10, Married-civ-spouse, Adm-clerical, Wife, White, Female,0,0,20, United-States, >50K
5285,5285,25, Private,312966, 9th,5, Separated, Handlers-cleaners, Other-relative, White, Male,0,0,40, El-Salvador, <=50K
5286,5286,33, Private,118941, Bachelors,13, Married-civ-spouse, Exec-managerial, Wife, White, Female,0,0,32, United-States, >50K
5287,5287,32, Private,198068, HS-grad,9, Never-married, Transport-moving, Not-in-family, White, Male,0,0,60, United-States, <=50K
5288,5288,36, Private,373952, 10th,6, Married-civ-spouse, Machine-op-inspct, Husband, White, Male,0,0,40, United-States, <=50K
5289,5289,47, Self-emp-not-inc,236111, Some-college,10, Married-civ-spouse, Prof-specialty, Husband, Other, Male,0,0,55, United-States, >50K
5290,5290,80, Private,157778, Masters,14, Widowed, Prof-specialty, Not-in-family, White, Female,0,0,10, United-States, <=50K
5291,5291,21, Private,143604, Some-college,10, Never-married, Sales, Own-child, White, Female,0,0,8, United-States, <=50K
5292,5292,35, Self-emp-not-inc,319831, Some-college,10, Married-civ-spouse, Farming-fishing, Husband, White, Male,0,0,60, United-States, <=50K
5293,5293,77, ?,132728, Masters,14, Divorced, ?, Not-in-family, White, Male,0,0,45, United-States, <=50K
5294,5294,30, Private,137606, HS-grad,9, Married-civ-spouse, Transport-moving, Husband, White, Male,5013,0,40, United-States, <=50K
5295,5295,35, ?,61343, HS-grad,9, Married-civ-spouse, ?, Husband, White, Male,0,0,40, United-States, <=50K
5296,5296,49, Private,268234, 7th-8th,4, Married-civ-spouse, Handlers-cleaners, Husband, White, Male,0,0,40, United-States, <=50K
5297,5297,33, Private,100135, HS-grad,9, Married-civ-spouse, Adm-clerical, Wife, White, Female,0,1740,25, United-States, <=50K
5298,5298,53, Self-emp-not-inc,34973, Some-college,10, Married-civ-spouse, Farming-fishing, Husband, White, Male,0,0,45, United-States, <=50K
5299,5299,41, Private,323790, HS-grad,9, Divorced, Handlers-cleaners, Unmarried, White, Male,0,0,55, United-States, <=50K
5300,5300,57, Private,319733, Bachelors,13, Married-civ-spouse, Machine-op-inspct, Husband, White, Male,0,0,40, Poland, >50K
5301,5301,21, ?,180339, Some-college,10, Never-married, ?, Own-child, White, Female,0,0,25, United-States, <=50K
5302,5302,19, Private,125591, Some-college,10, Never-married, Other-service, Own-child, White, Female,0,0,40, United-States, <=50K
5303,5303,28, Private,60772, Bachelors,13, Never-married, Exec-managerial, Own-child, White, Female,0,0,45, United-States, <=50K
5304,5304,42, Federal-gov,74680, Masters,14, Divorced, Adm-clerical, Not-in-family, White, Male,0,2001,60, United-States, <=50K
5305,5305,29, Self-emp-not-inc,141185, Some-college,10, Married-civ-spouse, Farming-fishing, Husband, White, Male,0,0,55, United-States, <=50K
5306,5306,38, ?,204668, Assoc-voc,11, Separated, ?, Unmarried, White, Female,0,0,25, United-States, <=50K
5307,5307,26, Private,273792, Some-college,10, Never-married, Other-service, Own-child, White, Male,0,0,20, United-States, <=50K
5308,5308,41, Private,70037, Some-college,10, Never-married, Craft-repair, Unmarried, White, Male,0,3004,60, ?, >50K
5309,5309,40, Private,343068, Some-college,10, Divorced, Exec-managerial, Not-in-family, White, Female,0,0,40, United-States, <=50K
5310,5310,36, Self-emp-not-inc,177907, Doctorate,16, Never-married, Prof-specialty, Not-in-family, White, Male,0,0,40, United-States, >50K
5311,5311,28, Private,144063, HS-grad,9, Married-civ-spouse, Exec-managerial, Husband, White, Male,0,0,40, United-States, <=50K
5312,5312,25, Self-emp-not-inc,257574, Bachelors,13, Never-married, Adm-clerical, Not-in-family, Black, Female,0,0,20, United-States, <=50K
5313,5313,42, Self-emp-not-inc,67065, HS-grad,9, Married-civ-spouse, Farming-fishing, Husband, White, Male,0,0,60, United-States, <=50K
5314,5314,32, Private,183356, HS-grad,9, Never-married, Craft-repair, Own-child, White, Male,0,0,40, United-States, <=50K
5315,5315,32, Private,152940, Assoc-acdm,12, Never-married, Adm-clerical, Own-child, White, Male,0,0,30, United-States, <=50K
5316,5316,37, Private,227128, 5th-6th,3, Married-civ-spouse, Craft-repair, Husband, White, Male,0,0,40, United-States, <=50K
5317,5317,39, Local-gov,45607, HS-grad,9, Married-civ-spouse, Protective-serv, Husband, White, Male,0,0,56, United-States, <=50K
5318,5318,49, Private,155489, Bachelors,13, Married-civ-spouse, Craft-repair, Husband, White, Male,0,0,40, United-States, <=50K
5319,5319,28, ?,230704, HS-grad,9, Never-married, ?, Not-in-family, Black, Male,0,0,40, United-States, <=50K
5320,5320,24, ?,267955, 9th,5, Never-married, ?, Own-child, White, Female,0,0,20, United-States, <=50K
5321,5321,19, Private,165115, HS-grad,9, Never-married, Sales, Not-in-family, White, Female,0,0,40, United-States, <=50K
5322,5322,31, Private,49923, HS-grad,9, Married-civ-spouse, Transport-moving, Husband, White, Male,0,0,40, United-States, <=50K
5323,5323,40, Private,272240, HS-grad,9, Divorced, Machine-op-inspct, Not-in-family, White, Female,0,0,40, United-States, <=50K
5324,5324,29, Private,255476, 7th-8th,4, Never-married, Handlers-cleaners, Own-child, White, Male,0,0,30, Mexico, <=50K
5325,5325,59, Private,194290, HS-grad,9, Married-civ-spouse, Farming-fishing, Husband, White, Male,0,0,48, United-States, <=50K
5326,5326,52, Private,145548, Assoc-acdm,12, Married-civ-spouse, Protective-serv, Husband, White, Male,0,0,40, United-States, >50K
5327,5327,27, Private,175262, Bachelors,13, Never-married, Exec-managerial, Own-child, White, Male,0,0,40, United-States, <=50K
5328,5328,45, Local-gov,37306, Bachelors,13, Married-civ-spouse, Prof-specialty, Husband, White, Male,0,0,45, United-States, >50K
5329,5329,58, Private,137547, Bachelors,13, Married-civ-spouse, Other-service, Husband, Asian-Pac-Islander, Male,0,0,40, South, <=50K
5330,5330,53, Private,276515, Bachelors,13, Never-married, Exec-managerial, Own-child, White, Male,0,0,40, Cuba, <=50K
5331,5331,23, Private,174626, HS-grad,9, Never-married, Handlers-cleaners, Own-child, White, Male,0,0,25, United-States, <=50K
5332,5332,35, Private,215310, 11th,7, Divorced, Handlers-cleaners, Other-relative, White, Male,0,0,40, United-States, <=50K
5333,5333,49, Private,332355, HS-grad,9, Married-civ-spouse, Exec-managerial, Husband, White, Male,0,0,40, United-States, <=50K
5334,5334,49, Private,204057, Assoc-acdm,12, Divorced, Exec-managerial, Not-in-family, White, Female,0,0,40, United-States, <=50K
5335,5335,25, Private,391591, 12th,8, Never-married, Craft-repair, Not-in-family, White, Male,0,0,40, United-States, <=50K
5336,5336,47, Private,169092, Masters,14, Divorced, Prof-specialty, Unmarried, White, Female,0,0,50, United-States, >50K
5337,5337,28, Private,230743, Assoc-acdm,12, Divorced, Adm-clerical, Not-in-family, White, Female,0,0,40, United-States, <=50K
5338,5338,20, Private,190963, Some-college,10, Never-married, Exec-managerial, Not-in-family, White, Female,0,0,30, United-States, <=50K
5339,5339,74, ?,204840, 5th-6th,3, Married-civ-spouse, ?, Husband, White, Male,0,0,56, Mexico, <=50K
5340,5340,19, Private,169853, HS-grad,9, Never-married, Machine-op-inspct, Own-child, White, Male,0,0,24, United-States, <=50K
5341,5341,28, Private,212091, HS-grad,9, Married-civ-spouse, Machine-op-inspct, Husband, White, Male,2580,0,40, United-States, <=50K
5342,5342,31, Private,202822, Some-college,10, Divorced, Adm-clerical, Unmarried, Black, Female,0,0,40, United-States, <=50K
5343,5343,61, ?,226989, Some-college,10, Married-spouse-absent, ?, Not-in-family, White, Male,0,0,40, United-States, <=50K
5344,5344,30, Private,140011, Assoc-voc,11, Married-civ-spouse, Handlers-cleaners, Husband, White, Male,0,0,53, United-States, <=50K
5345,5345,20, ?,432376, Some-college,10, Never-married, ?, Own-child, White, Male,0,0,40, Germany, <=50K
5346,5346,35, Private,90273, 7th-8th,4, Married-civ-spouse, Machine-op-inspct, Husband, White, Male,0,0,40, ?, >50K
5347,5347,23, Private,224424, Bachelors,13, Never-married, Other-service, Own-child, White, Male,0,0,40, United-States, <=50K
5348,5348,25, Private,168943, Bachelors,13, Married-civ-spouse, Exec-managerial, Wife, White, Female,0,0,30, United-States, >50K
5349,5349,19, Private,571853, HS-grad,9, Never-married, Other-service, Own-child, White, Male,0,0,30, United-States, <=50K
5350,5350,30, Private,156464, Masters,14, Never-married, Prof-specialty, Not-in-family, White, Male,0,0,45, United-States, >50K
5351,5351,26, Private,108542, HS-grad,9, Never-married, Craft-repair, Own-child, White, Male,0,0,35, United-States, <=50K
5352,5352,34, Local-gov,194325, HS-grad,9, Married-civ-spouse, Transport-moving, Husband, White, Male,0,0,45, United-States, <=50K
5353,5353,49, Private,114797, Bachelors,13, Divorced, Exec-managerial, Unmarried, Black, Female,0,0,40, United-States, <=50K
5354,5354,35, Private,40135, Some-college,10, Married-civ-spouse, Handlers-cleaners, Husband, White, Male,0,2042,40, United-States, <=50K
5355,5355,38, Private,204756, HS-grad,9, Never-married, Sales, Own-child, White, Female,0,0,40, United-States, <=50K
5356,5356,36, Private,228190, HS-grad,9, Married-civ-spouse, Handlers-cleaners, Husband, Black, Male,0,0,20, United-States, <=50K
5357,5357,33, Private,163392, HS-grad,9, Married-civ-spouse, Prof-specialty, Husband, Amer-Indian-Eskimo, Male,0,0,48, United-States, >50K
5358,5358,54, Private,138845, Some-college,10, Never-married, Other-service, Not-in-family, White, Female,0,0,40, United-States, <=50K
5359,5359,19, Local-gov,169853, HS-grad,9, Never-married, Craft-repair, Own-child, White, Male,0,0,40, United-States, <=50K
5360,5360,18, Never-worked,206359, 10th,6, Never-married, ?, Own-child, White, Male,0,0,40, United-States, <=50K
5361,5361,60, Private,224097, HS-grad,9, Married-civ-spouse, Craft-repair, Husband, White, Male,0,0,40, United-States, <=50K
5362,5362,28, Self-emp-not-inc,160786, HS-grad,9, Never-married, Craft-repair, Own-child, White, Male,0,0,40, United-States, <=50K
5363,5363,43, Self-emp-not-inc,190044, HS-grad,9, Married-civ-spouse, Sales, Husband, White, Male,0,0,40, United-States, <=50K
5364,5364,49, Local-gov,145290, 5th-6th,3, Married-civ-spouse, Other-service, Husband, White, Male,0,0,40, United-States, <=50K
5365,5365,25, Private,120268, Bachelors,13, Never-married, Prof-specialty, Own-child, White, Male,0,0,70, United-States, <=50K
5366,5366,17, Private,327434, 10th,6, Never-married, Sales, Own-child, White, Male,0,0,20, United-States, <=50K
5367,5367,41, Self-emp-inc,218302, Bachelors,13, Married-civ-spouse, Sales, Husband, White, Male,0,0,60, United-States, >50K
5368,5368,30, Private,1184622, Some-college,10, Married-civ-spouse, Transport-moving, Husband, Black, Male,0,0,35, United-States, <=50K
5369,5369,90, Local-gov,227796, Masters,14, Married-civ-spouse, Exec-managerial, Husband, White, Male,20051,0,60, United-States, >50K
5370,5370,25, Private,206343, HS-grad,9, Never-married, Protective-serv, Other-relative, White, Male,0,0,40, United-States, <=50K
5371,5371,27, Private,36851, Assoc-voc,11, Married-civ-spouse, Sales, Husband, White, Male,0,0,35, United-States, <=50K
5372,5372,29, Private,148550, HS-grad,9, Married-civ-spouse, Craft-repair, Husband, White, Male,0,0,40, United-States, <=50K
5373,5373,55, Private,157079, Some-college,10, Married-civ-spouse, Protective-serv, Husband, Black, Male,0,0,40, ?, >50K
5374,5374,31, Federal-gov,142470, Bachelors,13, Never-married, Exec-managerial, Not-in-family, Black, Female,0,0,40, United-States, <=50K
5375,5375,43, Private,86750, Assoc-voc,11, Married-civ-spouse, Craft-repair, Husband, White, Male,0,0,99, United-States, <=50K
5376,5376,63, Private,361631, Masters,14, Separated, Prof-specialty, Not-in-family, White, Female,0,0,40, United-States, >50K
5377,5377,46, Private,163229, 7th-8th,4, Married-civ-spouse, Transport-moving, Husband, White, Male,0,0,40, United-States, <=50K
5378,5378,59, Private,179594, HS-grad,9, Married-civ-spouse, Sales, Husband, White, Male,0,0,40, United-States, <=50K
5379,5379,42, Private,254773, Bachelors,13, Married-civ-spouse, Exec-managerial, Wife, Black, Female,0,0,50, United-States, >50K
5380,5380,26, Private,58065, Bachelors,13, Never-married, Adm-clerical, Not-in-family, White, Female,0,0,20, United-States, <=50K
5381,5381,26, Private,205428, Some-college,10, Married-civ-spouse, Sales, Husband, White, Male,0,0,45, United-States, <=50K
5382,5382,20, ?,41183, Some-college,10, Never-married, ?, Own-child, White, Female,0,0,30, United-States, <=50K
5383,5383,19, ?,308064, HS-grad,9, Never-married, ?, Not-in-family, Black, Female,0,0,40, United-States, <=50K
5384,5384,61, Private,173924, 9th,5, Divorced, Handlers-cleaners, Not-in-family, White, Male,0,0,40, Puerto-Rico, >50K
5385,5385,23, State-gov,142547, HS-grad,9, Married-civ-spouse, Exec-managerial, Husband, White, Male,0,0,40, United-States, <=50K
5386,5386,24, Private,119704, HS-grad,9, Married-civ-spouse, Adm-clerical, Wife, White, Female,0,0,40, United-States, <=50K
5387,5387,35, Private,275364, Bachelors,13, Divorced, Tech-support, Unmarried, White, Male,7430,0,40, Germany, >50K
5388,5388,42, Self-emp-not-inc,207392, HS-grad,9, Married-civ-spouse, Sales, Husband, White, Male,0,0,12, United-States, <=50K
5389,5389,31, Private,147215, 12th,8, Divorced, Other-service, Unmarried, White, Female,0,0,21, United-States, <=50K
5390,5390,31, Private,101562, HS-grad,9, Married-civ-spouse, Machine-op-inspct, Wife, White, Female,0,0,55, United-States, <=50K
5391,5391,63, Private,216413, Bachelors,13, Widowed, Adm-clerical, Not-in-family, White, Female,0,0,25, United-States, <=50K
5392,5392,29, State-gov,188986, Assoc-voc,11, Never-married, Tech-support, Not-in-family, White, Female,0,1590,64, United-States, <=50K
5393,5393,43, State-gov,52849, Bachelors,13, Married-civ-spouse, Prof-specialty, Husband, White, Male,0,0,40, United-States, <=50K
5394,5394,22, Private,304710, Bachelors,13, Never-married, Adm-clerical, Not-in-family, Asian-Pac-Islander, Female,0,0,10, Vietnam, <=50K
5395,5395,17, Private,265657, 11th,7, Never-married, Other-service, Own-child, White, Male,0,0,25, United-States, <=50K
5396,5396,23, Self-emp-not-inc,258298, Bachelors,13, Never-married, Adm-clerical, Own-child, White, Male,0,2231,40, United-States, >50K
5397,5397,35, Private,360814, 9th,5, Divorced, Craft-repair, Not-in-family, White, Male,0,0,45, United-States, <=50K
5398,5398,32, Private,53260, HS-grad,9, Divorced, Other-service, Unmarried, Other, Female,0,0,28, United-States, <=50K
