age,workclass,fnlwgt,education,education-num,marital-status,occupation,relationship,race,sex,capital-gain,capital-loss,hours-per-week,native-country,label
31, Private,259931, 7th-8th,4, Married-civ-spouse, Machine-op-inspct, Husband, White, Male,0,0,40, United-States, <=50K
55, Private,189528, 7th-8th,4, Married-civ-spouse, Craft-repair, Husband, White, Male,0,0,60, United-States, <=50K
38, Private,34996, Some-college,10, Separated, Other-service, Unmarried, White, Female,0,0,40, United-States, <=50K
33, Private,112584, Some-college,10, Divorced, Sales, Not-in-family, White, Female,0,0,25, United-States, <=50K
25, Private,117589, Assoc-acdm,12, Never-married, Adm-clerical, Not-in-family, White, Female,0,0,40, United-States, <=50K
19, ?,145234, Some-college,10, Never-married, ?, Own-child, White, Male,0,0,30, United-States, <=50K
37, Private,267086, Assoc-voc,11, Divorced, Tech-support, Unmarried, White, Female,0,0,52, United-States, <=50K
49, Private,44434, Some-college,10, Divorced, Tech-support, Other-relative, White, Male,0,0,35, United-States, <=50K
26, Private,96130, HS-grad,9, Never-married, Craft-repair, Other-relative, White, Male,0,0,40, United-States, <=50K
35, Private,181382, HS-grad,9, Married-civ-spouse, Craft-repair, Husband, White, Male,0,0,43, United-States, <=50K
44, Self-emp-inc,168845, HS-grad,9, Married-civ-spouse, Sales, Wife, White, Female,0,0,60, United-States, <=50K
37, Private,271767, Masters,14, Separated, Exec-managerial, Not-in-family, White, Male,0,0,45, United-States, >50K
42, Private,194636, Bachelors,13, Married-civ-spouse, Prof-specialty, Husband, White, Male,0,0,45, United-States, >50K
64, State-gov,194894, Doctorate,16, Never-married, Prof-specialty, Not-in-family, White, Female,4787,0,40, United-States, >50K
28, Private,132686, HS-grad,9, Married-civ-spouse, Handlers-cleaners, Husband, White, Male,0,0,40, United-States, >50K
35, Self-emp-not-inc,185848, HS-grad,9, Never-married, Exec-managerial, Not-in-family, White, Male,4650,0,50, United-States, <=50K
40, State-gov,184378, Bachelors,13, Married-civ-spouse, Adm-clerical, Husband, White, Male,0,0,40, United-States, <=50K
55, Federal-gov,270859, Bachelors,13, Married-civ-spouse, Prof-specialty, Husband, White, Male,0,0,40, United-States, >50K
21, Private,231866, HS-grad,9, Never-married, Farming-fishing, Own-child, White, Male,0,0,65, United-States, <=50K
49, Private,36032, Some-college,10, Never-married, Exec-managerial, Not-in-family, Black, Female,0,0,40, United-States, <=50K
51, State-gov,172962, Doctorate,16, Married-civ-spouse, Prof-specialty, Husband, White, Male,0,0,40, United-States, >50K
57, Private,98350, Prof-school,15, Married-civ-spouse, Craft-repair, Husband, Asian-Pac-Islander, Male,0,1902,40, Philippines, >50K
51, Private,24185, Bachelors,13, Married-civ-spouse, Craft-repair, Husband, White, Male,0,0,40, United-States, >50K
38, Private,53930, 10th,6, Never-married, Craft-repair, Not-in-family, Black, Male,0,0,40, ?, <=50K
24, Private,85088, HS-grad,9, Never-married, Sales, Own-child, White, Female,0,1762,32, United-States, <=50K
45, Self-emp-not-inc,94962, HS-grad,9, Married-civ-spouse, Craft-repair, Husband, White, Male,0,0,40, England, <=50K
28, Private,480861, HS-grad,9, Married-civ-spouse, Machine-op-inspct, Husband, White, Male,0,0,45, United-States, <=50K
42, Self-emp-inc,187702, Prof-school,15, Married-civ-spouse, Prof-specialty, Husband, White, Male,0,2415,60, United-States, >50K
22, Private,52262, Some-college,10, Never-married, Other-service, Not-in-family, White, Male,0,0,40, United-States, <=50K
28, State-gov,52636, Masters,14, Married-civ-spouse, Exec-managerial, Husband, White, Male,0,0,40, United-States, <=50K
60, Private,175273, HS-grad,9, Widowed, Machine-op-inspct, Unmarried, White, Female,0,0,40, United-States, <=50K
31, Private,327825, HS-grad,9, Separated, Machine-op-inspct, Unmarried, White, Female,0,2238,40, United-States, <=50K
47, Private,125892, Some-college,10, Married-civ-spouse, Craft-repair, Husband, White, Male,0,0,75, United-States, >50K
40, ?,78255, HS-grad,9, Divorced, ?, Not-in-family, White, Male,0,0,25, United-States, <=50K
30, Private,398827, HS-grad,9, Married-AF-spouse, Adm-clerical, Husband, White, Male,0,0,60, United-States, <=50K
61, Private,208919, Masters,14, Married-civ-spouse, Sales, Husband, White, Male,0,0,60, United-States, >50K
71, Local-gov,365996, Bachelors,13, Widowed, Prof-specialty, Unmarried, White, Female,0,0,6, United-States, <=50K
42, Private,307638, HS-grad,9, Divorced, Adm-clerical, Own-child, White, Female,0,0,40, United-States, <=50K
44, Local-gov,33068, 12th,8, Married-civ-spouse, Craft-repair, Husband, White, Male,0,0,55, United-States, <=50K
46, Self-emp-not-inc,254291, Some-college,10, Married-civ-spouse, Sales, Husband, White, Male,0,0,60, United-States, >50K
50, Local-gov,125417, Prof-school,15, Never-married, Exec-managerial, Not-in-family, Black, Female,0,0,52, United-States, >50K
27, State-gov,28848, Bachelors,13, Never-married, Prof-specialty, Not-in-family, White, Male,0,0,9, United-States, <=50K
40, ?,273425, Assoc-voc,11, Married-civ-spouse, ?, Husband, White, Male,0,0,15, United-States, <=50K
21, Private,194723, Some-college,10, Never-married, Adm-clerical, Other-relative, White, Female,0,0,40, Mexico, <=50K
25, Private,195118, HS-grad,9, Never-married, Handlers-cleaners, Other-relative, White, Male,0,0,35, United-States, <=50K
61, Private,123273, 5th-6th,3, Divorced, Transport-moving, Not-in-family, White, Male,0,1876,56, United-States, <=50K
54, Private,220115, Some-college,10, Divorced, Adm-clerical, Not-in-family, White, Male,0,0,30, United-States, <=50K
31, Private,265706, Bachelors,13, Never-married, Sales, Not-in-family, White, Male,0,0,40, United-States, <=50K
53, Self-emp-not-inc,279129, Some-college,10, Married-civ-spouse, Farming-fishing, Husband, White, Male,0,0,30, United-States, <=50K
39, Self-emp-inc,122742, Assoc-acdm,12, Married-civ-spouse, Exec-managerial, Husband, White, Male,15024,0,55, United-States, >50K
57, Self-emp-inc,172654, Prof-school,15, Married-civ-spouse, Transport-moving, Husband, White, Male,15024,0,50, United-States, >50K
48, Private,119199, Bachelors,13, Divorced, Sales, Unmarried, White, Female,0,0,44, United-States, <=50K
30, Private,107793, Some-college,10, Married-civ-spouse, Transport-moving, Husband, White, Male,0,0,56, United-States, >50K
35, Private,237943, HS-grad,9, Married-civ-spouse, Handlers-cleaners, Husband, White, Male,0,0,60, United-States, <=50K
42, Self-emp-not-inc,64632, HS-grad,9, Married-civ-spouse, Exec-managerial, Husband, White, Male,0,0,50, United-States, <=50K
34, Self-emp-not-inc,96245, HS-grad,9, Married-civ-spouse, Machine-op-inspct, Husband, White, Male,0,0,40, United-States, <=50K
59, Private,361494, HS-grad,9, Married-civ-spouse, Sales, Husband, White, Male,0,0,40, United-States, >50K
69, Local-gov,122850, 10th,6, Married-civ-spouse, Exec-managerial, Husband, White, Male,0,0,20, United-States, <=50K
29, Private,173652, Some-college,10, Never-married, Adm-clerical, Own-child, White, Female,0,0,40, United-States, <=50K
40, Private,164663, HS-grad,9, Married-civ-spouse, Transport-moving, Husband, White, Male,0,0,40, United-States, <=50K
21, Private,98678, Some-college,10, Never-married, Other-service, Own-child, White, Male,0,0,15, United-States, <=50K
40, Private,245529, Assoc-acdm,12, Divorced, Prof-specialty, Not-in-family, White, Female,0,0,40, United-States, <=50K
43, Private,55294, Some-college,10, Married-civ-spouse, Craft-repair, Husband, White, Male,0,0,40, United-States, <=50K
36, Private,140583, HS-grad,9, Divorced, Handlers-cleaners, Not-in-family, White, Male,0,0,40, United-States, <=50K
41, Private,79797, HS-grad,9, Married-spouse-absent, Prof-specialty, Not-in-family, Asian-Pac-Islander, Male,0,0,40, Japan, >50K
72, ?,113044, HS-grad,9, Widowed, ?, Not-in-family, White, Male,0,0,30, United-States, <=50K
20, Private,283499, Some-college,10, Never-married, Transport-moving, Own-child, White, Male,0,0,30, United-States, <=50K
41, Local-gov,51111, Bachelors,13, Widowed, Adm-clerical, Not-in-family, White, Female,0,0,40, United-States, <=50K
34, Private,232475, Some-college,10, Divorced, Exec-managerial, Not-in-family, White, Male,0,0,50, United-States, <=50K
48, Private,176140, 11th,7, Divorced, Other-service, Unmarried, Black, Female,0,0,40, United-States, <=50K
27, Private,301654, HS-grad,9, Never-married, Exec-managerial, Own-child, White, Female,0,0,40, United-States, <=50K
35, Private,376455, Some-college,10, Married-civ-spouse, Exec-managerial, Husband, White, Male,15024,0,60, United-States, >50K
28, ?,192569, HS-grad,9, Never-married, ?, Own-child, Black, Male,0,0,40, United-States, <=50K
27, Private,229803, HS-grad,9, Never-married, Craft-repair, Own-child, Black, Male,0,0,40, United-States, <=50K
20, Private,337639, Some-college,10, Never-married, Sales, Own-child, White, Male,0,0,40, United-States, <=50K
18, Private,130849, Some-college,10, Never-married, Sales, Own-child, White, Female,0,0,15, United-States, <=50K
32, Private,296282, Bachelors,13, Married-civ-spouse, Sales, Husband, White, Male,0,0,40, United-States, <=50K
38, Private,266645, Masters,14, Married-civ-spouse, Exec-managerial, Husband, White, Male,0,0,60, United-States, >50K
23, State-gov,110128, Some-college,10, Never-married, Other-service, Own-child, White, Male,0,0,40, United-States, <=50K
28, Private,90196, Bachelors,13, Married-civ-spouse, Exec-managerial, Husband, White, Male,0,0,45, United-States, >50K
40, State-gov,40024, Prof-school,15, Married-civ-spouse, Prof-specialty, Husband, White, Male,0,0,38, United-States, >50K
35, Private,144322, HS-grad,9, Divorced, Machine-op-inspct, Unmarried, White, Female,0,0,40, United-States, <=50K
74, Self-emp-inc,162340, Some-college,10, Widowed, Exec-managerial, Unmarried, White, Male,0,0,40, United-States, <=50K
28, Private,169069, HS-grad,9, Never-married, Craft-repair, Own-child, White, Male,0,0,40, United-States, <=50K
23, Private,113601, Some-college,10, Never-married, Handlers-cleaners, Own-child, White, Male,0,0,30, United-States, <=50K
20, Self-emp-not-inc,157145, Some-college,10, Never-married, Farming-fishing, Own-child, White, Male,0,2258,10, United-States, <=50K
44, Private,111275, HS-grad,9, Divorced, Machine-op-inspct, Unmarried, Black, Female,0,0,56, United-States, <=50K
46, Local-gov,102076, HS-grad,9, Divorced, Adm-clerical, Unmarried, White, Female,0,0,25, United-States, <=50K
20, ?,182117, Some-college,10, Never-married, ?, Own-child, White, Male,0,0,40, United-States, <=50K
51, Self-emp-not-inc,145409, Bachelors,13, Married-civ-spouse, Sales, Husband, White, Male,15024,0,50, United-States, >50K
40, Private,190122, Some-college,10, Separated, Adm-clerical, Not-in-family, White, Female,0,0,40, United-States, <=50K
48, Private,331482, Prof-school,15, Married-civ-spouse, Tech-support, Husband, White, Male,0,1977,40, United-States, >50K
60, Self-emp-not-inc,170114, 9th,5, Married-civ-spouse, Farming-fishing, Husband, White, Male,0,1672,84, United-States, <=50K
48, Self-emp-inc,193188, Bachelors,13, Married-civ-spouse, Exec-managerial, Husband, White, Male,0,0,40, United-States, >50K
46, Local-gov,267588, Bachelors,13, Married-civ-spouse, Prof-specialty, Wife, White, Female,0,0,70, United-States, <=50K
48, Self-emp-inc,200471, Bachelors,13, Married-civ-spouse, Exec-managerial, Husband, White, Male,0,0,40, United-States, >50K
22, ?,175586, HS-grad,9, Never-married, ?, Unmarried, Black, Female,0,0,35, United-States, <=50K
24, Local-gov,322658, Bachelors,13, Never-married, Prof-specialty, Not-in-family, White, Female,0,0,40, United-States, <=50K
45, State-gov,263982, Some-college,10, Divorced, Prof-specialty, Unmarried, White, Female,0,0,40, United-States, <=50K
18, Private,266287, 12th,8, Never-married, Sales, Own-child, White, Female,0,0,35, United-States, <=50K
39, Private,278187, HS-grad,9, Married-civ-spouse, Machine-op-inspct, Husband, White, Male,0,0,40, United-States, <=50K
65, Self-emp-inc,81413, HS-grad,9, Married-civ-spouse, Farming-fishing, Husband, White, Male,0,2352,65, United-States, <=50K
22, Private,221745, Some-college,10, Divorced, Machine-op-inspct, Own-child, White, Female,0,0,40, United-States, <=50K
20, Private,140764, Some-college,10, Never-married, Other-service, Own-child, White, Female,0,0,20, United-States, <=50K
28, Private,206351, Some-college,10, Married-civ-spouse, Sales, Husband, White, Male,0,0,40, United-States, <=50K
46, Private,176814, Prof-school,15, Married-civ-spouse, Prof-specialty, Husband, White, Male,99999,0,50, United-States, >50K
42, Local-gov,245307, Bachelors,13, Married-civ-spouse, Exec-managerial, Husband, White, Male,0,1977,48, United-States, >50K
61, State-gov,124971, Doctorate,16, Married-civ-spouse, Prof-specialty, Husband, White, Male,0,0,40, ?, >50K
28, Private,119545, Some-college,10, Married-civ-spouse, Exec-managerial, Own-child, White, Male,7688,0,50, United-States, >50K
18, Private,179203, Some-college,10, Never-married, Sales, Own-child, White, Female,0,0,20, United-States, <=50K
24, Federal-gov,44075, Bachelors,13, Never-married, Prof-specialty, Not-in-family, Asian-Pac-Islander, Male,0,0,40, United-States, <=50K
45, Private,178319, Doctorate,16, Married-civ-spouse, Prof-specialty, Husband, White, Male,0,0,56, United-States, >50K
24, Private,219754, HS-grad,9, Never-married, Adm-clerical, Own-child, White, Male,0,0,40, United-States, <=50K
44, Private,198316, Bachelors,13, Married-civ-spouse, Exec-managerial, Husband, White, Male,15024,0,50, United-States, >50K
20, Private,168165, Some-college,10, Never-married, Other-service, Own-child, White, Male,0,0,30, United-States, <=50K
35, Private,356838, Some-college,10, Married-civ-spouse, Tech-support, Husband, White, Male,2829,0,55, Poland, <=50K
52, Self-emp-inc,210736, Bachelors,13, Married-civ-spouse, Sales, Husband, White, Male,0,0,60, United-States, <=50K
25, Private,173212, Assoc-acdm,12, Never-married, Farming-fishing, Not-in-family, White, Male,2354,0,45, United-States, <=50K
19, Private,130431, 5th-6th,3, Never-married, Farming-fishing, Not-in-family, White, Male,0,0,36, Mexico, <=50K
35, ?,169809, Bachelors,13, Married-civ-spouse, ?, Husband, White, Male,0,0,20, United-States, <=50K
54, Private,197481, Some-college,10, Divorced, Adm-clerical, Unmarried, White, Female,0,0,40, United-States, <=50K
21, Private,155066, Some-college,10, Never-married, Craft-repair, Own-child, White, Male,0,0,40, United-States, <=50K
26, Private,31290, HS-grad,9, Married-civ-spouse, Adm-clerical, Wife, White, Female,0,0,40, United-States, >50K
42, Private,54102, Assoc-voc,11, Divorced, Adm-clerical, Unmarried, White, Female,0,0,40, United-States, <=50K
19, Private,181546, Some-college,10, Never-married, Adm-clerical, Own-child, White, Female,0,0,40, United-States, <=50K
55, Private,153484, Masters,14, Married-civ-spouse, Exec-managerial, Husband, White, Male,0,1977,50, United-States, >50K
44, State-gov,351228, HS-grad,9, Married-civ-spouse, Adm-clerical, Husband, White, Male,0,0,40, United-States, <=50K
25, Private,131976, Bachelors,13, Never-married, Exec-managerial, Own-child, White, Male,0,0,55, United-States, <=50K
26, Private,200639, Some-college,10, Married-civ-spouse, Machine-op-inspct, Husband, White, Male,0,0,40, United-States, <=50K
64, Federal-gov,267546, Assoc-acdm,12, Separated, Prof-specialty, Not-in-family, White, Female,0,0,40, United-States, >50K
41, Private,179875, 11th,7, Divorced, Other-service, Unmarried, Other, Female,0,0,40, United-States, <=50K
25, ?,237865, Some-college,10, Never-married, ?, Own-child, Black, Male,0,0,40, ?, <=50K
43, Private,300528, Some-college,10, Married-civ-spouse, Transport-moving, Husband, White, Male,0,0,40, United-States, <=50K
45, Private,67716, HS-grad,9, Never-married, Craft-repair, Own-child, White, Male,10520,0,48, United-States, >50K
48, Federal-gov,326048, Bachelors,13, Married-civ-spouse, Prof-specialty, Husband, White, Male,0,0,44, United-States, >50K
60, Private,191188, HS-grad,9, Married-civ-spouse, Transport-moving, Husband, White, Male,0,0,40, United-States, <=50K
45, Self-emp-not-inc,32172, Some-college,10, Never-married, Farming-fishing, Not-in-family, White, Male,0,0,50, United-States, <=50K
51, Private,252903, 10th,6, Married-civ-spouse, Sales, Husband, White, Male,0,1977,40, United-States, >50K
37, Federal-gov,334314, HS-grad,9, Divorced, Adm-clerical, Unmarried, White, Female,0,0,40, United-States, <=50K
22, Private,83704, Some-college,10, Never-married, Adm-clerical, Own-child, White, Male,0,0,30, United-States, <=50K
44, Private,160574, HS-grad,9, Married-civ-spouse, Craft-repair, Husband, White, Male,0,0,65, United-States, >50K
27, Private,203776, HS-grad,9, Married-civ-spouse, Craft-repair, Husband, White, Male,0,0,50, United-States, <=50K
47, Local-gov,328610, HS-grad,9, Married-civ-spouse, Craft-repair, Husband, White, Male,0,0,40, United-States, <=50K
32, Private,295589, Masters,14, Married-civ-spouse, Exec-managerial, Husband, Black, Male,0,1977,40, United-States, >50K
40, Private,174373, Bachelors,13, Married-civ-spouse, Exec-managerial, Husband, White, Male,0,0,50, United-States, >50K
41, Private,247752, HS-grad,9, Married-civ-spouse, Sales, Husband, White, Male,0,0,40, United-States, <=50K
32, ?,199244, 10th,6, Divorced, ?, Not-in-family, White, Female,0,0,40, United-States, <=50K
26, Private,139992, Bachelors,13, Never-married, Prof-specialty, Not-in-family, White, Female,0,0,40, United-States, <=50K
47, Private,95680, Some-college,10, Married-civ-spouse, Exec-managerial, Husband, Asian-Pac-Islander, Male,0,0,40, United-States, <=50K
55, Self-emp-inc,189933, HS-grad,9, Married-civ-spouse, Exec-managerial, Husband, White, Male,0,0,45, United-States, <=50K
38, Private,498785, HS-grad,9, Married-civ-spouse, Handlers-cleaners, Husband, White, Male,0,0,40, United-States, <=50K
24, State-gov,177526, Bachelors,13, Never-married, Prof-specialty, Not-in-family, White, Male,0,0,15, United-States, <=50K
64, Self-emp-not-inc,150121, Doctorate,16, Married-civ-spouse, Exec-managerial, Husband, White, Male,0,0,25, United-States, >50K
56, Federal-gov,130454, Bachelors,13, Married-civ-spouse, Prof-specialty, Husband, White, Male,0,0,40, United-States, >50K
41, Private,119079, HS-grad,9, Married-civ-spouse, Sales, Husband, White, Male,0,0,49, United-States, >50K
33, Private,220939, HS-grad,9, Married-civ-spouse, Sales, Husband, White, Male,7298,0,45, United-States, >50K
33, Private,94235, Prof-school,15, Never-married, Prof-specialty, Own-child, White, Male,0,0,42, United-States, >50K
21, Private,305874, Some-college,10, Married-civ-spouse, Other-service, Husband, White, Male,0,0,40, United-States, <=50K
59, Local-gov,62020, HS-grad,9, Widowed, Craft-repair, Not-in-family, Black, Male,0,0,40, United-States, <=50K
58, Private,235624, Assoc-voc,11, Married-civ-spouse, Exec-managerial, Husband, White, Male,0,0,40, Germany, >50K
43, Local-gov,247514, Masters,14, Divorced, Prof-specialty, Unmarried, White, Male,0,0,40, United-States, <=50K
21, Private,275726, HS-grad,9, Never-married, Craft-repair, Own-child, Black, Male,0,0,40, United-States, <=50K
45, Private,72896, HS-grad,9, Never-married, Machine-op-inspct, Not-in-family, White, Male,0,0,40, United-States, <=50K
53, Local-gov,110510, HS-grad,9, Married-civ-spouse, Exec-managerial, Wife, White, Female,0,0,50, United-States, >50K
41, Private,173938, Prof-school,15, Married-civ-spouse, Adm-clerical, Husband, White, Male,0,0,50, ?, >50K
27, Private,200641, 10th,6, Married-civ-spouse, Exec-managerial, Wife, White, Female,0,0,40, Mexico, <=50K
53, Private,211654, Some-college,10, Married-civ-spouse, Craft-repair, Husband, White, Male,0,0,50, ?, >50K
38, Private,242720, Masters,14, Married-civ-spouse, Prof-specialty, Husband, White, Male,0,0,35, United-States, >50K
31, Private,111567, Bachelors,13, Married-civ-spouse, Exec-managerial, Husband, White, Male,0,0,70, United-States, >50K
41, Private,179533, HS-grad,9, Married-civ-spouse, Transport-moving, Husband, White, Male,0,0,35, United-States, <=50K
22, State-gov,334693, Some-college,10, Never-married, Adm-clerical, Own-child, White, Female,0,0,40, United-States, <=50K
43, Self-emp-not-inc,198096, Masters,14, Married-civ-spouse, Sales, Husband, White, Male,0,0,60, United-States, <=50K
41, State-gov,355756, Some-college,10, Never-married, Prof-specialty, Not-in-family, White, Male,0,0,40, United-States, <=50K
27, Private,19395, Some-college,10, Married-civ-spouse, Handlers-cleaners, Wife, White, Female,0,0,35, United-States, <=50K
41, Local-gov,242586, Some-college,10, Married-civ-spouse, Exec-managerial, Husband, White, Male,0,0,40, United-States, <=50K
36, Private,208358, Prof-school,15, Divorced, Prof-specialty, Not-in-family, White, Male,99999,0,45, United-States, >50K
49, Private,160647, Bachelors,13, Married-civ-spouse, Adm-clerical, Wife, White, Female,0,0,40, United-States, >50K
20, Private,227943, HS-grad,9, Never-married, Handlers-cleaners, Own-child, White, Male,0,0,45, United-States, <=50K
58, Self-emp-not-inc,197665, HS-grad,9, Married-spouse-absent, Other-service, Unmarried, White, Female,0,0,45, United-States, <=50K
35, Self-emp-not-inc,216129, 12th,8, Never-married, Other-service, Not-in-family, Black, Female,0,0,40, Trinadad&Tobago, <=50K
30, Local-gov,326104, HS-grad,9, Married-civ-spouse, Protective-serv, Husband, White, Male,0,0,40, United-States, >50K
21, Private,57211, HS-grad,9, Never-married, Craft-repair, Own-child, White, Male,0,0,40, United-States, <=50K
29, Private,100219, Assoc-acdm,12, Never-married, Machine-op-inspct, Unmarried, White, Male,0,0,45, United-States, <=50K
40, Private,291192, HS-grad,9, Widowed, Sales, Not-in-family, White, Female,0,0,40, United-States, <=50K
54, State-gov,93415, Bachelors,13, Never-married, Prof-specialty, Unmarried, Asian-Pac-Islander, Female,0,0,40, United-States, >50K
35, Private,191502, Bachelors,13, Married-civ-spouse, Sales, Husband, White, Male,0,0,60, United-States, >50K
35, Private,261382, Bachelors,13, Married-civ-spouse, Sales, Husband, White, Male,0,0,50, United-States, <=50K
40, Private,170230, Bachelors,13, Married-spouse-absent, Other-service, Not-in-family, White, Female,0,0,40, ?, <=50K
59, Private,374924, HS-grad,9, Separated, Sales, Unmarried, Black, Female,0,0,40, United-States, <=50K
43, Self-emp-inc,320984, Some-college,10, Married-civ-spouse, Machine-op-inspct, Husband, White, Male,0,0,50, United-States, <=50K
39, Private,338320, 10th,6, Married-civ-spouse, Craft-repair, Husband, White, Male,0,0,60, United-States, >50K
51, Private,135190, 7th-8th,4, Separated, Machine-op-inspct, Not-in-family, Black, Female,0,0,30, United-States, <=50K
71, Private,157909, Some-college,10, Never-married, Other-service, Not-in-family, White, Female,2964,0,60, United-States, <=50K
33, Private,637222, 12th,8, Divorced, Machine-op-inspct, Unmarried, Black, Female,0,0,40, United-States, <=50K
28, Private,430084, HS-grad,9, Divorced, Other-service, Own-child, Black, Male,0,0,35, United-States, <=50K
30, Private,125279, HS-grad,9, Married-spouse-absent, Sales, Unmarried, White, Male,0,0,40, United-States, <=50K
20, Private,221955, 5th-6th,3, Married-spouse-absent, Farming-fishing, Other-relative, White, Male,0,0,40, Mexico, <=50K
51, Self-emp-inc,180195, HS-grad,9, Married-civ-spouse, Sales, Husband, White, Male,0,0,50, United-States, <=50K
39, Private,208778, HS-grad,9, Married-civ-spouse, Machine-op-inspct, Wife, White, Female,0,0,40, United-States, >50K
62, Private,81534, Some-college,10, Married-civ-spouse, Sales, Husband, Asian-Pac-Islander, Male,0,0,40, United-States, >50K
37, Private,325538, HS-grad,9, Never-married, Exec-managerial, Own-child, White, Male,0,0,60, ?, <=50K
28, Private,142264, 9th,5, Never-married, Machine-op-inspct, Not-in-family, White, Male,0,0,50, Dominican-Republic, <=50K
23, Private,128604, HS-grad,9, Never-married, Sales, Own-child, Asian-Pac-Islander, Male,0,0,48, South, <=50K
39, Private,277886, Bachelors,13, Married-civ-spouse, Sales, Wife, White, Female,0,0,30, United-States, <=50K
50, Self-emp-inc,100029, Bachelors,13, Widowed, Sales, Unmarried, White, Male,0,0,65, United-States, >50K
31, Private,169269, 7th-8th,4, Never-married, Craft-repair, Unmarried, White, Male,0,0,40, United-States, <=50K
45, Local-gov,160472, Bachelors,13, Married-civ-spouse, Exec-managerial, Husband, White, Male,0,1977,50, United-States, >50K
23, ?,123983, Bachelors,13, Never-married, ?, Own-child, Other, Male,0,0,40, United-States, <=50K
47, Private,297884, 10th,6, Widowed, Machine-op-inspct, Not-in-family, White, Male,0,0,40, United-States, <=50K
59, Private,99131, HS-grad,9, Widowed, Prof-specialty, Not-in-family, White, Female,0,0,18, United-States, <=50K
32, Private,44392, Assoc-acdm,12, Married-civ-spouse, Handlers-cleaners, Husband, White, Male,0,0,40, United-States, <=50K
82, ?,29441, 7th-8th,4, Widowed, ?, Not-in-family, White, Male,0,0,5, United-States, <=50K
49, Private,199029, Bachelors,13, Married-civ-spouse, Sales, Husband, White, Male,0,2415,55, United-States, >50K
74, Federal-gov,181508, HS-grad,9, Widowed, Other-service, Not-in-family, White, Male,0,0,17, United-States, <=50K
22, Private,190625, Some-college,10, Never-married, Adm-clerical, Own-child, White, Male,0,0,35, United-States, <=50K
32, Private,194740, Some-college,10, Married-civ-spouse, Craft-repair, Husband, White, Male,0,0,55, Greece, <=50K
34, Private,27380, Bachelors,13, Married-civ-spouse, Farming-fishing, Husband, White, Male,0,0,50, United-States, >50K
59, Private,160631, Bachelors,13, Married-civ-spouse, Craft-repair, Husband, White, Male,0,0,60, United-States, >50K
36, Private,224531, Bachelors,13, Married-civ-spouse, Sales, Husband, White, Male,0,0,50, United-States, >50K
59, Private,283005, 11th,7, Divorced, Adm-clerical, Unmarried, White, Female,0,0,40, United-States, <=50K
47, Self-emp-inc,101926, Bachelors,13, Divorced, Exec-managerial, Not-in-family, White, Male,0,0,70, United-States, >50K
53, Local-gov,135102, HS-grad,9, Married-civ-spouse, Other-service, Husband, White, Male,0,2002,45, United-States, <=50K
25, Self-emp-not-inc,113436, Some-college,10, Never-married, Craft-repair, Unmarried, White, Male,0,0,35, United-States, <=50K
44, Private,248973, Bachelors,13, Divorced, Adm-clerical, Not-in-family, Black, Male,0,0,65, United-States, <=50K
57, Self-emp-not-inc,225334, Prof-school,15, Married-civ-spouse, Sales, Wife, White, Female,15024,0,35, United-States, >50K
42, Self-emp-not-inc,157562, Bachelors,13, Married-civ-spouse, Farming-fishing, Husband, White, Male,0,1902,80, United-States, >50K
58, Local-gov,310085, 10th,6, Married-civ-spouse, Transport-moving, Husband, White, Male,0,0,40, United-States, <=50K
39, Private,129597, Bachelors,13, Married-civ-spouse, Sales, Husband, White, Male,3464,0,40, United-States, <=50K
32, ?,53042, HS-grad,9, Never-married, ?, Own-child, Black, Male,0,0,40, United-States, <=50K
45, Private,204205, 7th-8th,4, Divorced, Machine-op-inspct, Not-in-family, White, Male,0,0,48, United-States, <=50K
47, Private,169324, Bachelors,13, Married-civ-spouse, Exec-managerial, Wife, Black, Female,0,0,35, United-States, >50K
52, ?,134447, Some-college,10, Married-civ-spouse, ?, Husband, White, Male,0,0,50, United-States, <=50K
56, Self-emp-not-inc,236731, 1st-4th,2, Separated, Exec-managerial, Not-in-family, White, Male,0,0,25, ?, <=50K
52, Private,141301, HS-grad,9, Divorced, Machine-op-inspct, Not-in-family, White, Female,0,0,40, United-States, <=50K
34, Private,235124, HS-grad,9, Never-married, Other-service, Unmarried, Black, Female,0,0,35, United-States, <=50K
36, Self-emp-not-inc,367020, 7th-8th,4, Married-civ-spouse, Craft-repair, Husband, White, Male,0,0,35, United-States, <=50K
41, Private,149102, HS-grad,9, Married-spouse-absent, Craft-repair, Not-in-family, White, Male,0,0,40, Poland, <=50K
30, Private,423770, Some-college,10, Never-married, Prof-specialty, Own-child, White, Male,0,0,40, Mexico, <=50K
44, Private,211759, Bachelors,13, Married-civ-spouse, Exec-managerial, Husband, Other, Male,0,0,40, Puerto-Rico, <=50K
17, ?,110998, Some-college,10, Never-married, ?, Own-child, Asian-Pac-Islander, Female,0,0,40, Philippines, <=50K
34, Private,56883, Some-college,10, Never-married, Other-service, Unmarried, White, Female,0,0,40, United-States, <=50K
41, Private,223062, Some-college,10, Separated, Other-service, Not-in-family, Black, Male,0,0,40, United-States, <=50K
29, Private,406662, HS-grad,9, Never-married, Handlers-cleaners, Not-in-family, White, Male,0,0,40, United-States, <=50K
25, Private,206600, 9th,5, Never-married, Machine-op-inspct, Other-relative, White, Male,0,0,48, Mexico, <=50K
42, Local-gov,147510, Bachelors,13, Separated, Prof-specialty, Unmarried, White, Male,0,0,40, United-States, <=50K
48, Private,235646, Some-college,10, Married-civ-spouse, Sales, Husband, White, Male,3103,0,40, United-States, >50K
26, Private,187577, Assoc-voc,11, Never-married, Sales, Not-in-family, White, Male,0,0,55, United-States, <=50K
64, Self-emp-inc,132832, HS-grad,9, Married-civ-spouse, Adm-clerical, Wife, White, Female,20051,0,40, ?, >50K
46, Self-emp-inc,278322, Bachelors,13, Married-civ-spouse, Sales, Husband, White, Male,0,0,45, United-States, <=50K
38, Private,278924, Bachelors,13, Married-civ-spouse, Exec-managerial, Husband, White, Male,0,1887,50, United-States, >50K
49, State-gov,203039, 11th,7, Married-civ-spouse, Adm-clerical, Husband, White, Male,0,0,40, United-States, <=50K
23, Private,145651, Some-college,10, Never-married, Sales, Own-child, Black, Female,0,0,20, United-States, <=50K
46, Local-gov,144531, Bachelors,13, Never-married, Prof-specialty, Not-in-family, White, Female,0,0,40, United-States, >50K
30, Private,91145, HS-grad,9, Never-married, Handlers-cleaners, Unmarried, White, Male,0,0,55, United-States, <=50K
49, Self-emp-not-inc,211762, HS-grad,9, Married-civ-spouse, Craft-repair, Husband, White, Male,0,0,40, United-States, >50K
47, ?,111563, Assoc-voc,11, Divorced, ?, Not-in-family, White, Male,0,0,40, United-States, <=50K
44, Private,180985, Bachelors,13, Married-civ-spouse, Prof-specialty, Husband, White, Male,0,0,50, ?, >50K
31, Private,207537, HS-grad,9, Divorced, Craft-repair, Own-child, White, Male,0,1669,50, United-States, <=50K
19, Private,417657, HS-grad,9, Never-married, Handlers-cleaners, Own-child, White, Male,0,0,50, United-States, <=50K
45, Private,189890, Assoc-acdm,12, Divorced, Prof-specialty, Unmarried, White, Female,5455,0,38, United-States, <=50K
34, Private,223212, Bachelors,13, Married-civ-spouse, Prof-specialty, Husband, White, Male,0,1848,40, Peru, >50K
26, Private,108658, HS-grad,9, Never-married, Craft-repair, Not-in-family, White, Male,0,0,40, United-States, <=50K
38, Self-emp-not-inc,190023, HS-grad,9, Married-civ-spouse, Transport-moving, Husband, White, Male,0,0,40, United-States, >50K
31, Private,222130, Some-college,10, Never-married, Adm-clerical, Not-in-family, White, Female,0,0,43, United-States, <=50K
36, Self-emp-inc,164866, Assoc-acdm,12, Separated, Exec-managerial, Not-in-family, White, Male,0,0,50, United-States, <=50K
31, Private,170983, Bachelors,13, Married-civ-spouse, Exec-managerial, Husband, White, Male,0,0,60, United-States, >50K
30, Private,186269, Bachelors,13, Married-civ-spouse, Tech-support, Husband, White, Male,0,0,40, United-States, <=50K
37, Private,286026, HS-grad,9, Married-civ-spouse, Prof-specialty, Husband, White, Male,0,0,40, United-States, >50K
30, Private,403433, Bachelors,13, Never-married, Prof-specialty, Not-in-family, Black, Male,0,0,50, United-States, >50K
21, ?,224209, HS-grad,9, Married-civ-spouse, ?, Wife, Black, Female,0,0,30, United-States, <=50K
73, Private,123160, 10th,6, Widowed, Other-service, Not-in-family, White, Female,0,0,10, United-States, <=50K
38, Federal-gov,99527, Masters,14, Married-civ-spouse, Exec-managerial, Husband, White, Male,0,0,40, United-States, >50K
30, Private,123178, 10th,6, Never-married, Craft-repair, Not-in-family, White, Male,0,0,50, United-States, <=50K
33, Private,231043, HS-grad,9, Married-civ-spouse, Craft-repair, Husband, White, Male,0,0,50, United-States, >50K
52, Local-gov,317733, Bachelors,13, Married-civ-spouse, Prof-specialty, Husband, White, Male,7688,0,40, United-States, >50K
58, Private,241056, Some-college,10, Divorced, Adm-clerical, Unmarried, White, Female,0,0,46, United-States, <=50K
34, Local-gov,220066, Masters,14, Never-married, Prof-specialty, Not-in-family, White, Female,0,0,50, United-States, <=50K
35, Private,180342, HS-grad,9, Married-civ-spouse, Craft-repair, Husband, White, Male,0,0,40, United-States, <=50K
59, Federal-gov,31840, HS-grad,9, Married-civ-spouse, Craft-repair, Husband, White, Male,0,0,40, United-States, >50K
45, Private,183168, Bachelors,13, Divorced, Exec-managerial, Unmarried, White, Female,0,0,40, United-States, <=50K
27, Private,386036, Some-college,10, Never-married, Transport-moving, Not-in-family, White, Male,0,0,48, United-States, <=50K
31, Local-gov,446358, Doctorate,16, Never-married, Prof-specialty, Not-in-family, White, Male,0,0,50, Mexico, >50K
45, Private,28035, Some-college,10, Never-married, Farming-fishing, Other-relative, White, Male,0,0,50, United-States, <=50K
40, Private,282155, HS-grad,9, Separated, Other-service, Other-relative, White, Female,0,0,25, United-States, <=50K
27, Private,192384, Prof-school,15, Married-civ-spouse, Adm-clerical, Husband, White, Male,0,0,40, United-States, <=50K
19, Private,383637, HS-grad,9, Never-married, Other-service, Own-child, White, Male,0,0,20, United-States, <=50K
29, Private,457402, 5th-6th,3, Never-married, Other-service, Not-in-family, White, Male,0,0,25, Mexico, <=50K
34, Self-emp-inc,80249, Some-college,10, Married-civ-spouse, Farming-fishing, Husband, White, Male,0,0,72, United-States, <=50K
32, State-gov,159537, Assoc-acdm,12, Married-civ-spouse, Craft-repair, Husband, White, Male,0,0,40, United-States, <=50K
49, Private,240859, 11th,7, Married-civ-spouse, Craft-repair, Husband, White, Male,0,0,40, Cuba, <=50K
33, Private,83446, 11th,7, Divorced, Exec-managerial, Unmarried, White, Female,0,0,40, United-States, >50K
74, ?,29866, 7th-8th,4, Married-civ-spouse, ?, Husband, White, Male,0,0,2, United-States, <=50K
62, Private,185503, Bachelors,13, Married-civ-spouse, Prof-specialty, Husband, White, Male,0,0,50, United-States, >50K
39, Self-emp-not-inc,68781, HS-grad,9, Married-civ-spouse, Exec-managerial, Husband, White, Male,0,0,40, United-States, <=50K
43, Private,220589, HS-grad,9, Divorced, Exec-managerial, Unmarried, White, Female,0,0,40, United-States, <=50K
22, Private,51136, Some-college,10, Never-married, Tech-support, Not-in-family, White, Female,0,0,60, United-States, <=50K
24, Private,54560, HS-grad,9, Married-civ-spouse, Transport-moving, Husband, White, Male,0,0,45, United-States, <=50K
76, ?,28221, HS-grad,9, Married-civ-spouse, ?, Husband, White, Male,0,0,40, Canada, >50K
25, Private,201413, Some-college,10, Never-married, Other-service, Unmarried, Black, Female,0,0,40, United-States, <=50K
19, Private,40425, Some-college,10, Never-married, Sales, Not-in-family, White, Female,0,0,28, United-States, <=50K
31, Private,189461, Assoc-acdm,12, Divorced, Adm-clerical, Unmarried, White, Female,0,0,41, United-States, <=50K
53, Private,200576, 11th,7, Divorced, Craft-repair, Other-relative, White, Female,0,0,40, United-States, <=50K
61, Private,92691, HS-grad,9, Married-civ-spouse, Adm-clerical, Husband, White, Male,0,0,3, United-States, <=50K
47, Private,664821, Bachelors,13, Married-civ-spouse, Other-service, Husband, White, Male,0,0,40, El-Salvador, <=50K
37, Private,175130, HS-grad,9, Divorced, Adm-clerical, Unmarried, White, Female,0,0,45, United-States, <=50K
50, Self-emp-not-inc,391016, Bachelors,13, Divorced, Exec-managerial, Not-in-family, White, Male,0,0,30, United-States, <=50K
27, Private,249315, Some-college,10, Never-married, Sales, Not-in-family, White, Male,0,0,44, United-States, <=50K
58, Private,111169, HS-grad,9, Divorced, Adm-clerical, Not-in-family, White, Female,0,0,40, United-States, <=50K
43, Private,334946, HS-grad,9, Married-civ-spouse, Handlers-cleaners, Husband, Black, Male,0,0,40, United-States, <=50K
39, Private,352248, Assoc-acdm,12, Married-civ-spouse, Adm-clerical, Husband, White, Male,0,0,40, United-States, <=50K
36, Private,173804, Some-college,10, Never-married, Sales, Not-in-family, White, Female,0,0,35, United-States, <=50K
56, Private,155449, Bachelors,13, Married-civ-spouse, Prof-specialty, Husband, White, Male,0,0,50, United-States, <=50K
26, Private,73689, HS-grad,9, Married-civ-spouse, Farming-fishing, Husband, White, Male,0,0,55, United-States, <=50K
23, Private,227594, Bachelors,13, Never-married, Prof-specialty, Own-child, White, Female,0,0,38, United-States, <=50K
47, Private,161676, 11th,7, Never-married, Transport-moving, Not-in-family, Black, Male,0,0,40, United-States, <=50K
68, Private,75913, 12th,8, Widowed, Sales, Not-in-family, White, Female,0,0,30, United-States, <=50K
47, Local-gov,242552, Some-college,10, Never-married, Protective-serv, Not-in-family, Black, Male,0,0,40, United-States, <=50K
45, Federal-gov,352094, Some-college,10, Married-civ-spouse, Tech-support, Husband, White, Male,7688,0,40, Guatemala, >50K
26, Private,159732, Some-college,10, Married-civ-spouse, Exec-managerial, Husband, White, Male,0,0,60, United-States, <=50K
20, Private,131230, HS-grad,9, Never-married, Machine-op-inspct, Own-child, White, Male,0,1590,40, United-States, <=50K
46, Private,180695, Some-college,10, Never-married, Adm-clerical, Own-child, White, Female,0,0,40, United-States, <=50K
37, Private,189922, Assoc-acdm,12, Married-civ-spouse, Tech-support, Husband, White, Male,0,0,50, United-States, >50K
37, Private,409189, Some-college,10, Married-civ-spouse, Craft-repair, Husband, White, Male,0,0,45, United-States, <=50K
43, Private,111252, Some-college,10, Married-civ-spouse, Transport-moving, Husband, White, Male,0,0,42, United-States, <=50K
59, Private,294395, Masters,14, Widowed, Prof-specialty, Not-in-family, White, Female,0,0,40, United-States, <=50K
39, Private,172718, HS-grad,9, Divorced, Adm-clerical, Unmarried, White, Female,0,0,40, United-States, <=50K
32, Private,43403, Some-college,10, Divorced, Farming-fishing, Not-in-family, White, Female,0,1590,54, United-States, <=50K
63, Private,111963, Some-college,10, Married-civ-spouse, Prof-specialty, Husband, White, Male,0,0,16, United-States, <=50K
45, Private,247869, Bachelors,13, Married-civ-spouse, Prof-specialty, Husband, White, Male,0,0,60, United-States, >50K
59, Private,114032, Bachelors,13, Divorced, Adm-clerical, Unmarried, White, Female,0,0,40, United-States, <=50K
36, ?,356838, 12th,8, Never-married, ?, Not-in-family, White, Male,0,0,35, United-States, <=50K
26, Private,179633, HS-grad,9, Never-married, Tech-support, Other-relative, White, Male,0,0,40, United-States, <=50K
34, Private,19847, HS-grad,9, Divorced, Adm-clerical, Unmarried, White, Female,0,0,40, United-States, <=50K
41, Private,231689, HS-grad,9, Married-civ-spouse, Craft-repair, Husband, White, Male,0,0,40, United-States, >50K
26, Private,209942, HS-grad,9, Never-married, Handlers-cleaners, Own-child, Black, Male,0,0,40, United-States, <=50K
53, Private,197492, HS-grad,9, Divorced, Machine-op-inspct, Not-in-family, White, Female,0,0,40, United-States, <=50K
33, Private,262439, HS-grad,9, Married-civ-spouse, Adm-clerical, Wife, White, Female,0,0,35, United-States, >50K
46, Private,283037, Bachelors,13, Married-civ-spouse, Exec-managerial, Husband, White, Male,0,0,50, United-States, >50K
79, ?,144533, HS-grad,9, Widowed, ?, Not-in-family, Black, Female,0,0,30, United-States, <=50K
31, Private,83446, HS-grad,9, Widowed, Craft-repair, Unmarried, White, Female,0,0,40, United-States, <=50K
24, Private,215443, HS-grad,9, Separated, Other-service, Not-in-family, White, Male,0,0,40, United-States, <=50K
57, Local-gov,268252, HS-grad,9, Divorced, Adm-clerical, Unmarried, White, Female,0,0,62, United-States, <=50K
40, Private,181015, HS-grad,9, Separated, Other-service, Unmarried, White, Female,0,0,47, United-States, <=50K
41, Self-emp-inc,139916, Assoc-voc,11, Married-civ-spouse, Sales, Husband, Other, Male,0,2179,84, Mexico, <=50K
20, Private,195770, Some-college,10, Never-married, Adm-clerical, Own-child, White, Male,0,0,26, United-States, <=50K
45, Private,125194, 11th,7, Never-married, Machine-op-inspct, Not-in-family, Black, Female,0,0,40, United-States, <=50K
27, Private,58654, Assoc-voc,11, Separated, Adm-clerical, Unmarried, White, Female,0,0,40, United-States, <=50K
36, Private,252327, 5th-6th,3, Married-spouse-absent, Craft-repair, Other-relative, White, Male,0,0,40, Mexico, <=50K
30, Private,116508, HS-grad,9, Married-civ-spouse, Craft-repair, Husband, White, Male,0,0,40, Germany, <=50K
36, Private,166988, Bachelors,13, Married-civ-spouse, Prof-specialty, Wife, White, Female,0,0,40, United-States, >50K
25, Private,374163, HS-grad,9, Married-spouse-absent, Farming-fishing, Not-in-family, Other, Male,0,0,40, Mexico, <=50K
30, ?,96851, Some-college,10, Never-married, ?, Not-in-family, White, Female,0,1719,25, United-States, <=50K
31, Private,196788, HS-grad,9, Married-civ-spouse, Adm-clerical, Wife, White, Female,0,0,40, United-States, <=50K
49, Private,186172, HS-grad,9, Married-civ-spouse, Craft-repair, Husband, White, Male,7688,0,45, United-States, >50K
26, Private,245628, 11th,7, Never-married, Handlers-cleaners, Unmarried, White, Male,0,0,20, United-States, <=50K
25, Private,159732, Bachelors,13, Never-married, Prof-specialty, Not-in-family, White, Male,0,0,40, United-States, <=50K
29, Private,129856, Assoc-voc,11, Never-married, Adm-clerical, Own-child, White, Female,0,0,40, United-States, <=50K
24, Private,182812, Some-college,10, Never-married, Adm-clerical, Own-child, White, Female,3325,0,52, Dominican-Republic, <=50K
41, Private,314322, HS-grad,9, Married-civ-spouse, Adm-clerical, Husband, White, Male,0,0,40, United-States, >50K
35, Private,102976, Masters,14, Never-married, Exec-managerial, Not-in-family, White, Male,0,0,40, United-States, >50K
57, Self-emp-inc,42959, Bachelors,13, Married-civ-spouse, Sales, Wife, White, Female,0,0,40, United-States, >50K
21, Private,256356, 11th,7, Never-married, Priv-house-serv, Other-relative, White, Female,0,0,40, Mexico, <=50K
29, Private,136277, 10th,6, Never-married, Other-service, Own-child, Black, Female,0,0,32, United-States, <=50K
36, Private,284616, Some-college,10, Married-civ-spouse, Exec-managerial, Husband, White, Male,0,0,40, United-States, <=50K
20, Private,185554, Some-college,10, Never-married, Adm-clerical, Own-child, White, Female,0,0,25, United-States, <=50K
51, Private,138847, Bachelors,13, Married-civ-spouse, Exec-managerial, Husband, White, Male,0,0,40, United-States, >50K
39, Private,33487, 11th,7, Married-civ-spouse, Machine-op-inspct, Husband, White, Male,0,0,40, United-States, <=50K
36, Private,84306, Bachelors,13, Married-civ-spouse, Exec-managerial, Husband, White, Male,5013,0,50, United-States, <=50K
40, Self-emp-not-inc,223881, Prof-school,15, Married-civ-spouse, Prof-specialty, Husband, White, Male,99999,0,70, United-States, >50K
61, Private,149653, HS-grad,9, Married-civ-spouse, Exec-managerial, Husband, White, Male,0,0,50, United-States, <=50K
38, Private,348739, Prof-school,15, Married-civ-spouse, Prof-specialty, Husband, White, Male,0,0,60, United-States, <=50K
20, ?,235442, Some-college,10, Never-married, ?, Own-child, White, Male,0,0,35, United-States, <=50K
21, Private,34506, HS-grad,9, Separated, Other-service, Own-child, White, Female,0,0,35, United-States, <=50K
40, Private,346964, HS-grad,9, Divorced, Tech-support, Unmarried, White, Female,0,0,40, United-States, <=50K
46, Private,192208, 10th,6, Married-civ-spouse, Craft-repair, Husband, White, Male,0,0,45, United-States, <=50K
21, Private,305874, Some-college,10, Married-civ-spouse, Craft-repair, Husband, White, Male,0,0,54, United-States, <=50K
35, Self-emp-not-inc,462890, 10th,6, Married-civ-spouse, Transport-moving, Husband, Black, Male,0,0,50, United-States, <=50K
39, Private,89508, Bachelors,13, Married-civ-spouse, Sales, Husband, White, Male,0,0,40, United-States, <=50K
38, Self-emp-not-inc,200153, HS-grad,9, Married-civ-spouse, Craft-repair, Husband, White, Male,0,0,60, United-States, <=50K
30, Private,179446, HS-grad,9, Separated, Adm-clerical, Unmarried, White, Female,0,0,40, United-States, <=50K
28, Private,208965, 9th,5, Never-married, Machine-op-inspct, Unmarried, Other, Male,0,0,40, Mexico, <=50K
32, Private,40142, Bachelors,13, Married-civ-spouse, Exec-managerial, Husband, White, Male,0,0,40, United-States, >50K
46, Self-emp-not-inc,57452, Assoc-voc,11, Married-civ-spouse, Craft-repair, Husband, White, Male,0,0,40, United-States, >50K
40, Private,327573, Assoc-voc,11, Married-civ-spouse, Craft-repair, Husband, White, Male,0,0,40, United-States, <=50K
47, Private,151267, HS-grad,9, Married-civ-spouse, Machine-op-inspct, Wife, Black, Female,15024,0,40, United-States, >50K
44, Private,265266, 10th,6, Married-civ-spouse, Transport-moving, Husband, White, Male,0,0,40, United-States, <=50K
38, Private,203836, HS-grad,9, Married-civ-spouse, Sales, Husband, White, Male,3464,0,40, Columbia, <=50K
51, ?,163998, HS-grad,9, Married-spouse-absent, ?, Not-in-family, White, Male,0,0,20, United-States, >50K
46, Self-emp-not-inc,28281, Bachelors,13, Married-civ-spouse, Farming-fishing, Husband, White, Male,0,0,40, United-States, >50K
51, Private,293196, Doctorate,16, Married-civ-spouse, Prof-specialty, Husband, White, Male,15024,0,60, Iran, >50K
45, Private,214627, Doctorate,16, Widowed, Prof-specialty, Unmarried, White, Male,15020,0,40, Iran, >50K
20, Private,368852, Some-college,10, Never-married, Other-service, Own-child, White, Female,0,0,20, United-States, <=50K
44, Private,353396, Bachelors,13, Married-civ-spouse, Prof-specialty, Husband, White, Male,0,0,45, United-States, <=50K
33, Private,161745, Assoc-voc,11, Married-civ-spouse, Farming-fishing, Husband, White, Male,0,0,45, United-States, <=50K
18, Private,97963, HS-grad,9, Never-married, Other-service, Own-child, White, Female,0,0,30, United-States, <=50K
61, Self-emp-inc,156542, Prof-school,15, Separated, Prof-specialty, Not-in-family, White, Male,0,0,40, United-States, >50K
50, State-gov,198103, Bachelors,13, Never-married, Exec-managerial, Not-in-family, White, Female,0,0,40, United-States, <=50K
47, Federal-gov,55377, HS-grad,9, Never-married, Machine-op-inspct, Own-child, Black, Male,0,0,40, United-States, <=50K
34, Private,173730, Bachelors,13, Married-civ-spouse, Exec-managerial, Husband, White, Male,0,0,50, United-States, >50K
53, Private,374588, HS-grad,9, Married-civ-spouse, Transport-moving, Husband, Black, Male,0,0,60, United-States, <=50K
39, Self-emp-not-inc,174330, Some-college,10, Married-civ-spouse, Craft-repair, Husband, White, Male,0,0,40, United-States, <=50K
58, Private,78141, HS-grad,9, Married-civ-spouse, Craft-repair, Husband, White, Male,0,0,40, United-States, >50K
66, ?,190324, HS-grad,9, Married-civ-spouse, ?, Husband, Black, Male,0,0,18, United-States, <=50K
26, Private,31350, 11th,7, Never-married, Farming-fishing, Not-in-family, White, Male,0,0,50, United-States, <=50K
41, Private,243607, 5th-6th,3, Married-civ-spouse, Adm-clerical, Husband, White, Male,0,0,40, Mexico, <=50K
47, Local-gov,134671, Some-college,10, Married-civ-spouse, Exec-managerial, Husband, White, Male,0,0,40, United-States, <=50K
31, Private,197023, Assoc-voc,11, Married-civ-spouse, Machine-op-inspct, Husband, Amer-Indian-Eskimo, Male,0,0,40, United-States, <=50K
52, Private,117674, Some-college,10, Married-civ-spouse, Exec-managerial, Husband, White, Male,0,0,40, United-States, >50K
29, Private,169815, Assoc-acdm,12, Married-civ-spouse, Sales, Husband, White, Male,0,0,50, United-States, >50K
43, Private,598606, 9th,5, Separated, Handlers-cleaners, Unmarried, Black, Female,0,0,50, United-States, <=50K
42, Federal-gov,122861, Masters,14, Married-civ-spouse, Exec-managerial, Husband, White, Male,0,0,40, United-States, >50K
35, Private,166235, Some-college,10, Never-married, Machine-op-inspct, Not-in-family, Black, Female,0,0,30, United-States, <=50K
41, Private,187821, HS-grad,9, Married-civ-spouse, Machine-op-inspct, Husband, White, Male,2885,0,40, United-States, <=50K
34, Private,340940, Bachelors,13, Married-civ-spouse, Sales, Husband, White, Male,7298,0,60, United-States, >50K
52, Self-emp-not-inc,194791, Some-college,10, Married-civ-spouse, Craft-repair, Husband, White, Male,0,0,40, United-States, <=50K
61, Private,231323, Some-college,10, Married-civ-spouse, Craft-repair, Husband, White, Male,0,0,40, United-States, <=50K
39, Local-gov,305597, HS-grad,9, Separated, Exec-managerial, Unmarried, White, Male,0,0,40, United-States, <=50K
19, Private,25429, Some-college,10, Never-married, Sales, Not-in-family, White, Female,0,0,25, United-States, <=50K
46, State-gov,192779, Bachelors,13, Married-civ-spouse, Exec-managerial, Husband, White, Male,7688,0,40, United-States, >50K
39, Private,346478, Some-college,10, Never-married, Exec-managerial, Not-in-family, White, Male,0,0,45, United-States, <=50K
22, Private,341368, Some-college,10, Never-married, Other-service, Not-in-family, White, Male,0,0,50, United-States, <=50K
30, State-gov,295612, HS-grad,9, Separated, Adm-clerical, Not-in-family, White, Female,0,0,40, United-States, <=50K
40, Private,168936, Assoc-voc,11, Divorced, Other-service, Not-in-family, White, Female,0,0,32, United-States, <=50K
43, Private,218558, Bachelors,13, Married-spouse-absent, Prof-specialty, Not-in-family, White, Male,3325,0,40, United-States, <=50K
37, Private,336598, 5th-6th,3, Married-civ-spouse, Farming-fishing, Husband, White, Male,0,0,36, Mexico, <=50K
23, Private,308205, Assoc-acdm,12, Never-married, Other-service, Own-child, White, Male,0,0,20, United-States, <=50K
39, Local-gov,357173, Assoc-acdm,12, Divorced, Prof-specialty, Not-in-family, White, Male,0,0,59, United-States, <=50K
54, Private,457237, Masters,14, Married-civ-spouse, Sales, Husband, White, Male,0,0,40, United-States, <=50K
46, Self-emp-inc,284799, Some-college,10, Married-civ-spouse, Sales, Husband, White, Male,0,0,60, United-States, <=50K
20, Private,179423, Some-college,10, Never-married, Transport-moving, Own-child, White, Female,0,0,40, United-States, <=50K
50, Self-emp-not-inc,363405, Bachelors,13, Married-civ-spouse, Tech-support, Wife, White, Female,0,0,50, United-States, >50K
17, Private,139183, 10th,6, Never-married, Sales, Own-child, White, Female,0,0,15, United-States, <=50K
36, Private,203482, HS-grad,9, Married-civ-spouse, Machine-op-inspct, Husband, White, Male,0,0,40, United-States, <=50K
37, Private,112554, HS-grad,9, Married-civ-spouse, Sales, Husband, White, Male,0,0,45, United-States, <=50K
53, Private,99476, HS-grad,9, Divorced, Other-service, Not-in-family, White, Female,0,0,38, United-States, <=50K
50, Private,93690, HS-grad,9, Married-civ-spouse, Transport-moving, Husband, White, Male,0,0,40, United-States, >50K
38, Private,220585, HS-grad,9, Married-civ-spouse, Craft-repair, Husband, White, Male,0,0,40, United-States, <=50K
63, Self-emp-not-inc,194638, HS-grad,9, Married-civ-spouse, Craft-repair, Husband, White, Male,0,0,32, United-States, <=50K
53, Private,154785, HS-grad,9, Married-civ-spouse, Craft-repair, Husband, White, Male,0,0,50, United-States, >50K
40, ?,162108, Bachelors,13, Divorced, ?, Not-in-family, White, Female,0,0,50, United-States, <=50K
23, Self-emp-inc,214542, Some-college,10, Never-married, Prof-specialty, Not-in-family, White, Male,0,0,50, United-States, <=50K
20, Private,161922, HS-grad,9, Never-married, Handlers-cleaners, Not-in-family, White, Male,0,0,43, United-States, <=50K
46, Private,207940, Some-college,10, Married-civ-spouse, Craft-repair, Husband, Black, Male,0,0,40, United-States, >50K
28, Private,259351, 10th,6, Never-married, Other-service, Other-relative, Amer-Indian-Eskimo, Male,0,0,40, Mexico, <=50K
59, Private,208395, Masters,14, Divorced, Prof-specialty, Not-in-family, White, Male,0,0,50, United-States, <=50K
41, Private,116391, Bachelors,13, Married-civ-spouse, Exec-managerial, Husband, White, Male,0,0,40, United-States, >50K
33, Private,239781, Preschool,1, Married-civ-spouse, Farming-fishing, Husband, White, Male,0,0,40, Mexico, <=50K
56, Private,174351, 12th,8, Married-civ-spouse, Craft-repair, Husband, White, Male,0,0,40, Italy, <=50K
50, Self-emp-not-inc,44368, HS-grad,9, Married-civ-spouse, Sales, Husband, White, Male,15024,0,55, El-Salvador, >50K
31, Local-gov,188798, Bachelors,13, Never-married, Exec-managerial, Not-in-family, White, Female,0,0,50, United-States, <=50K
41, Private,50122, Assoc-voc,11, Divorced, Sales, Own-child, White, Male,0,0,50, United-States, <=50K
38, Private,111398, Bachelors,13, Married-civ-spouse, Prof-specialty, Wife, White, Female,7688,0,40, United-States, >50K
25, State-gov,152035, Assoc-acdm,12, Never-married, Adm-clerical, Own-child, White, Female,0,0,40, United-States, <=50K
18, ?,139003, HS-grad,9, Never-married, ?, Other-relative, Other, Female,0,0,12, United-States, <=50K
49, Local-gov,249289, Bachelors,13, Divorced, Prof-specialty, Unmarried, Black, Female,0,0,40, United-States, <=50K
39, Private,257726, Some-college,10, Never-married, Machine-op-inspct, Own-child, White, Male,0,0,40, United-States, <=50K
22, ?,113175, Some-college,10, Never-married, ?, Own-child, White, Female,0,0,20, United-States, <=50K
21, Private,151158, Some-college,10, Never-married, Prof-specialty, Own-child, White, Female,0,0,25, United-States, <=50K
35, Private,465326, Bachelors,13, Married-civ-spouse, Sales, Husband, White, Male,0,0,40, United-States, <=50K
21, ?,356772, HS-grad,9, Never-married, ?, Unmarried, White, Female,0,0,40, United-States, <=50K
38, Private,364782, HS-grad,9, Married-civ-spouse, Craft-repair, Husband, White, Male,0,0,40, United-States, >50K
55, Private,198385, 7th-8th,4, Widowed, Other-service, Unmarried, White, Female,0,0,20, ?, <=50K
31, Private,329301, HS-grad,9, Divorced, Transport-moving, Not-in-family, White, Male,0,0,55, United-States, <=50K
17, Self-emp-inc,254859, 11th,7, Never-married, Prof-specialty, Own-child, White, Male,0,0,20, United-States, <=50K
31, Private,203488, Bachelors,13, Married-civ-spouse, Adm-clerical, Husband, White, Male,7298,0,50, United-States, >50K
25, Local-gov,222800, Bachelors,13, Never-married, Prof-specialty, Not-in-family, White, Male,0,0,40, United-States, <=50K
39, Private,96452, Masters,14, Married-civ-spouse, Exec-managerial, Husband, White, Male,0,0,55, United-States, >50K
50, Private,170050, 7th-8th,4, Married-civ-spouse, Machine-op-inspct, Husband, White, Male,0,0,40, United-States, <=50K
38, Local-gov,116580, Bachelors,13, Married-civ-spouse, Prof-specialty, Wife, White, Female,0,0,20, United-States, >50K
50, Private,400004, Some-college,10, Married-civ-spouse, Sales, Husband, White, Male,0,0,60, United-States, <=50K
63, Private,183608, 10th,6, Married-civ-spouse, Exec-managerial, Husband, White, Male,0,0,40, United-States, <=50K
31, Private,194055, HS-grad,9, Married-civ-spouse, Transport-moving, Husband, White, Male,0,0,50, United-States, <=50K
23, Private,210443, Bachelors,13, Never-married, Prof-specialty, Own-child, White, Female,0,0,40, United-States, <=50K
18, Private,43272, Some-college,10, Never-married, Other-service, Own-child, White, Male,0,0,20, United-States, <=50K
43, Local-gov,108945, Bachelors,13, Divorced, Prof-specialty, Unmarried, White, Female,0,0,48, United-States, <=50K
34, Private,114691, Some-college,10, Married-civ-spouse, Exec-managerial, Husband, White, Male,0,0,50, United-States, >50K
18, Private,304169, 11th,7, Never-married, Sales, Own-child, White, Male,0,0,35, United-States, <=50K
46, Private,503923, HS-grad,9, Married-civ-spouse, Machine-op-inspct, Husband, Black, Male,4386,0,40, United-States, >50K
35, Private,340428, Bachelors,13, Never-married, Sales, Unmarried, White, Female,0,0,40, United-States, >50K
46, State-gov,106705, Masters,14, Never-married, Exec-managerial, Not-in-family, White, Female,0,0,38, United-States, <=50K
59, Private,146391, Assoc-voc,11, Married-civ-spouse, Tech-support, Husband, White, Male,7298,0,40, United-States, >50K
31, Private,235389, 7th-8th,4, Never-married, Handlers-cleaners, Not-in-family, White, Female,0,0,30, Portugal, <=50K
27, Private,39665, HS-grad,9, Divorced, Sales, Unmarried, White, Female,0,0,37, United-States, <=50K
41, Private,113823, Masters,14, Married-civ-spouse, Prof-specialty, Husband, White, Male,0,0,40, England, <=50K
42, Private,217826, HS-grad,9, Never-married, Craft-repair, Own-child, Black, Male,0,0,40, ?, <=50K
55, Private,349304, Bachelors,13, Married-civ-spouse, Exec-managerial, Husband, White, Male,0,0,40, United-States, >50K
34, ?,197688, HS-grad,9, Never-married, ?, Not-in-family, Black, Female,0,0,40, United-States, <=50K
44, Private,54507, HS-grad,9, Never-married, Machine-op-inspct, Not-in-family, White, Female,0,0,40, United-States, <=50K
26, Private,117833, Bachelors,13, Never-married, Exec-managerial, Not-in-family, White, Female,0,1669,50, United-States, <=50K
36, Private,163396, Assoc-voc,11, Married-civ-spouse, Prof-specialty, Wife, White, Female,0,0,40, United-States, >50K
69, Private,88566, 9th,5, Married-civ-spouse, Other-service, Husband, White, Male,1424,0,35, United-States, <=50K
33, Private,323619, Some-college,10, Never-married, Adm-clerical, Unmarried, White, Female,0,0,40, United-States, <=50K
30, Private,75755, Assoc-voc,11, Married-civ-spouse, Prof-specialty, Husband, White, Male,0,0,40, United-States, <=50K
35, Private,148903, HS-grad,9, Married-civ-spouse, Other-service, Wife, White, Female,0,0,16, United-States, >50K
25, Private,40915, Bachelors,13, Never-married, Exec-managerial, Not-in-family, White, Female,0,0,40, United-States, >50K
21, Private,182606, Some-college,10, Never-married, Other-service, Own-child, Black, Male,0,0,40, ?, <=50K
18, Private,131033, 11th,7, Never-married, Other-service, Other-relative, Black, Male,0,0,15, United-States, <=50K
35, Self-emp-not-inc,168475, Some-college,10, Married-civ-spouse, Craft-repair, Husband, White, Male,0,0,60, United-States, >50K
20, Private,121568, HS-grad,9, Married-civ-spouse, Handlers-cleaners, Husband, White, Male,0,0,50, United-States, <=50K
26, Private,139098, Masters,14, Married-civ-spouse, Prof-specialty, Husband, White, Male,5013,0,40, United-States, <=50K
